source	canonical_url	registry_url	severity	finding	disposition	source_description
documentation/actions/access_active_session_terminate/index.md	https://f5-sales-demo.github.io/terraform-provider-xcsh/actions/access_active_session_terminate/	https://registry.terraform.io/providers/f5-sales-demo/xcsh/latest/docs/actions/access_active_session_terminate	medium	Generic resource-operation language on action	display override	Resource deletion operation.
documentation/actions/access_active_sessions_terminate/index.md	https://f5-sales-demo.github.io/terraform-provider-xcsh/actions/access_active_sessions_terminate/	https://registry.terraform.io/providers/f5-sales-demo/xcsh/latest/docs/actions/access_active_sessions_terminate	medium	Generic resource-operation language on action	display override	Resource creation operation.
documentation/actions/device_intelligence_subscribe/index.md	https://f5-sales-demo.github.io/terraform-provider-xcsh/actions/device_intelligence_subscribe/	https://registry.terraform.io/providers/f5-sales-demo/xcsh/latest/docs/actions/device_intelligence_subscribe	medium	Generic resource-operation language on action	display override	Resource creation operation.
documentation/actions/device_intelligence_unsubscribe/index.md	https://f5-sales-demo.github.io/terraform-provider-xcsh/actions/device_intelligence_unsubscribe/	https://registry.terraform.io/providers/f5-sales-demo/xcsh/latest/docs/actions/device_intelligence_unsubscribe	medium	Generic resource-operation language on action	display override	Resource creation operation.
documentation/actions/dns_zone_add_cryptokey/index.md	https://f5-sales-demo.github.io/terraform-provider-xcsh/actions/dns_zone_add_cryptokey/	https://registry.terraform.io/providers/f5-sales-demo/xcsh/latest/docs/actions/dns_zone_add_cryptokey	medium	Generic resource-operation language on action	display override	Resource creation operation.
documentation/actions/dns_zone_delete_cryptokey/index.md	https://f5-sales-demo.github.io/terraform-provider-xcsh/actions/dns_zone_delete_cryptokey/	https://registry.terraform.io/providers/f5-sales-demo/xcsh/latest/docs/actions/dns_zone_delete_cryptokey	medium	Generic resource-operation language on action	display override	Resource creation operation.
documentation/actions/dns_zone_edit_cryptokey/index.md	https://f5-sales-demo.github.io/terraform-provider-xcsh/actions/dns_zone_edit_cryptokey/	https://registry.terraform.io/providers/f5-sales-demo/xcsh/latest/docs/actions/dns_zone_edit_cryptokey	medium	Generic resource-operation language on action	display override	Resource creation operation.
documentation/actions/infraprotect_synchronize_configuration/index.md	https://f5-sales-demo.github.io/terraform-provider-xcsh/actions/infraprotect_synchronize_configuration/	https://registry.terraform.io/providers/f5-sales-demo/xcsh/latest/docs/actions/infraprotect_synchronize_configuration	medium	Generic resource-operation language on action	display override	Resource creation operation.
documentation/actions/site_signatures_update/index.md	https://f5-sales-demo.github.io/terraform-provider-xcsh/actions/site_signatures_update/	https://registry.terraform.io/providers/f5-sales-demo/xcsh/latest/docs/actions/site_signatures_update	medium	Generic resource-operation language on action	display override	Resource creation operation.
documentation/actions/site_upgrade_os/index.md	https://f5-sales-demo.github.io/terraform-provider-xcsh/actions/site_upgrade_os/	https://registry.terraform.io/providers/f5-sales-demo/xcsh/latest/docs/actions/site_upgrade_os	none	No entry-page finding	accepted	Request an in-place site operating-system upgrade.
documentation/actions/site_upgrade_sw/index.md	https://f5-sales-demo.github.io/terraform-provider-xcsh/actions/site_upgrade_sw/	https://registry.terraform.io/providers/f5-sales-demo/xcsh/latest/docs/actions/site_upgrade_sw	none	No entry-page finding	accepted	Request an in-place site software upgrade.
documentation/data-sources/access_active_session/index.md	https://f5-sales-demo.github.io/terraform-provider-xcsh/data-sources/access_active_session/	https://registry.terraform.io/providers/f5-sales-demo/xcsh/latest/docs/data-sources/access_active_session	medium	Generic retrieval language	display override	Resource retrieval operation.
documentation/data-sources/access_active_sessions/index.md	https://f5-sales-demo.github.io/terraform-provider-xcsh/data-sources/access_active_sessions/	https://registry.terraform.io/providers/f5-sales-demo/xcsh/latest/docs/data-sources/access_active_sessions	medium	Generic retrieval language	display override	Resource retrieval operation.
documentation/data-sources/addon_service/index.md	https://f5-sales-demo.github.io/terraform-provider-xcsh/data-sources/addon_service/	https://registry.terraform.io/providers/f5-sales-demo/xcsh/latest/docs/data-sources/addon_service	none	No entry-page finding	accepted	Retrieves information about an F5 Distributed Cloud Addon Service. Addon services are system-managed resources that provide additional functionality such as Bot Defense, Client Side Defense, and other security features. This data source allows you to query addon service details including tier requirements and activation type. ~&gt; \*\*Note:\*\* Addon services cannot be created or modified via Terraform. To activate or subscribe to an addon service, please use the F5 Distributed Cloud Console or contact your account team.
documentation/data-sources/addon_service_activation_status/index.md	https://f5-sales-demo.github.io/terraform-provider-xcsh/data-sources/addon_service_activation_status/	https://registry.terraform.io/providers/f5-sales-demo/xcsh/latest/docs/data-sources/addon_service_activation_status	none	No entry-page finding	accepted	Checks the activation status of an F5 Distributed Cloud Addon Service. Use this data source to determine if an addon service can be activated for your tenant and what the current subscription state is. \*\*Possible state values:\*\* | State | Description | | --------------- | ---------------------------------------- | | \`AS\_NONE\` | Default state, service not subscribed | | \`AS\_PENDING\` | Subscription request pending activation | | \`AS\_SUBSCRIBED\` | Service is active and subscribed | | \`AS\_ERROR\` | Subscription in error state |
documentation/data-sources/address_allocator/index.md	https://f5-sales-demo.github.io/terraform-provider-xcsh/data-sources/address_allocator/	https://registry.terraform.io/providers/f5-sales-demo/xcsh/latest/docs/data-sources/address_allocator	high	Management language on read-only data source	display override	Manages Address Allocator will create an address allocator object in 'system' namespace of the user in F5 Distributed Cloud.
documentation/data-sources/advertise_policy/index.md	https://f5-sales-demo.github.io/terraform-provider-xcsh/data-sources/advertise_policy/	https://registry.terraform.io/providers/f5-sales-demo/xcsh/latest/docs/data-sources/advertise_policy	high	Management language on read-only data source	display override	Manages a Advertise Policy resource in F5 Distributed Cloud for advertise\_policy object controls how and where a service represented by a given virtual\_host object is advertised to consumers. configuration.
documentation/data-sources/alert_gen_policy/index.md	https://f5-sales-demo.github.io/terraform-provider-xcsh/data-sources/alert_gen_policy/	https://registry.terraform.io/providers/f5-sales-demo/xcsh/latest/docs/data-sources/alert_gen_policy	high	Management language on read-only data source	display override	Manages Alert Generation Policy in F5 Distributed Cloud.
documentation/data-sources/alert_policy/index.md	https://f5-sales-demo.github.io/terraform-provider-xcsh/data-sources/alert_policy/	https://registry.terraform.io/providers/f5-sales-demo/xcsh/latest/docs/data-sources/alert_policy	high	Management language on read-only data source	display override	Manages new Alert Policy Object in F5 Distributed Cloud.
documentation/data-sources/alert_receiver/index.md	https://f5-sales-demo.github.io/terraform-provider-xcsh/data-sources/alert_receiver/	https://registry.terraform.io/providers/f5-sales-demo/xcsh/latest/docs/data-sources/alert_receiver	high	Management language on read-only data source	display override	Manages new Alert Receiver object in F5 Distributed Cloud.
documentation/data-sources/alert_template/index.md	https://f5-sales-demo.github.io/terraform-provider-xcsh/data-sources/alert_template/	https://registry.terraform.io/providers/f5-sales-demo/xcsh/latest/docs/data-sources/alert_template	high	Management language on read-only data source	display override	Manages Domain to protect in F5 Distributed Cloud.
documentation/data-sources/allowed_domain/index.md	https://f5-sales-demo.github.io/terraform-provider-xcsh/data-sources/allowed_domain/	https://registry.terraform.io/providers/f5-sales-demo/xcsh/latest/docs/data-sources/allowed_domain	high	Management language on read-only data source	display override	Manages allowed domain in F5 Distributed Cloud.
documentation/data-sources/api_crawler/index.md	https://f5-sales-demo.github.io/terraform-provider-xcsh/data-sources/api_crawler/	https://registry.terraform.io/providers/f5-sales-demo/xcsh/latest/docs/data-sources/api_crawler	high	Management language on read-only data source	display override	Manages a API Crawler resource in F5 Distributed Cloud.
documentation/data-sources/api_definition/index.md	https://f5-sales-demo.github.io/terraform-provider-xcsh/data-sources/api_definition/	https://registry.terraform.io/providers/f5-sales-demo/xcsh/latest/docs/data-sources/api_definition	high	Management language on read-only data source	display override	Manages API Definition in F5 Distributed Cloud.
documentation/data-sources/api_discovery/index.md	https://f5-sales-demo.github.io/terraform-provider-xcsh/data-sources/api_discovery/	https://registry.terraform.io/providers/f5-sales-demo/xcsh/latest/docs/data-sources/api_discovery	high	Management language on read-only data source	display override	Manages API discovery creates a new object in the storage backend for metadata.namespace in F5 Distributed Cloud.
documentation/data-sources/api_testing/index.md	https://f5-sales-demo.github.io/terraform-provider-xcsh/data-sources/api_testing/	https://registry.terraform.io/providers/f5-sales-demo/xcsh/latest/docs/data-sources/api_testing	high	Management language on read-only data source	display override	Manages a API Testing resource in F5 Distributed Cloud.
documentation/data-sources/app_api_group/index.md	https://f5-sales-demo.github.io/terraform-provider-xcsh/data-sources/app_api_group/	https://registry.terraform.io/providers/f5-sales-demo/xcsh/latest/docs/data-sources/app_api_group	high	Management language on read-only data source	display override	Manages app\_api\_group creates a new object in the storage backend for metadata.namespace in F5 Distributed Cloud.
documentation/data-sources/app_firewall/index.md	https://f5-sales-demo.github.io/terraform-provider-xcsh/data-sources/app_firewall/	https://registry.terraform.io/providers/f5-sales-demo/xcsh/latest/docs/data-sources/app_firewall	high	Management language on read-only data source	display override	Manages Application Firewall in F5 Distributed Cloud.
documentation/data-sources/app_security_evidence/index.md	https://f5-sales-demo.github.io/terraform-provider-xcsh/data-sources/app_security_evidence/	https://registry.terraform.io/providers/f5-sales-demo/xcsh/latest/docs/data-sources/app_security_evidence	high	Creation language on read-only data source	display override	Resource creation operation.
documentation/data-sources/app_setting/index.md	https://f5-sales-demo.github.io/terraform-provider-xcsh/data-sources/app_setting/	https://registry.terraform.io/providers/f5-sales-demo/xcsh/latest/docs/data-sources/app_setting	high	Management language on read-only data source	display override	Manages App setting configuration in namespace metadata.namespace in F5 Distributed Cloud.
documentation/data-sources/app_type/index.md	https://f5-sales-demo.github.io/terraform-provider-xcsh/data-sources/app_type/	https://registry.terraform.io/providers/f5-sales-demo/xcsh/latest/docs/data-sources/app_type	high	Management language on read-only data source	display override	Manages App type will create the configuration in namespace metadata.namespace in F5 Distributed Cloud.
documentation/data-sources/application_profiles/index.md	https://f5-sales-demo.github.io/terraform-provider-xcsh/data-sources/application_profiles/	https://registry.terraform.io/providers/f5-sales-demo/xcsh/latest/docs/data-sources/application_profiles	high	Management language on read-only data source	display override	Manages Application Profiles in a given namespace. If one already exists it will give an error in F5 Distributed Cloud.
documentation/data-sources/authentication/index.md	https://f5-sales-demo.github.io/terraform-provider-xcsh/data-sources/authentication/	https://registry.terraform.io/providers/f5-sales-demo/xcsh/latest/docs/data-sources/authentication	high	Management language on read-only data source	display override	Manages a Authentication resource in F5 Distributed Cloud.
documentation/data-sources/authorization_server/index.md	https://f5-sales-demo.github.io/terraform-provider-xcsh/data-sources/authorization_server/	https://registry.terraform.io/providers/f5-sales-demo/xcsh/latest/docs/data-sources/authorization_server	high	Management language on read-only data source	display override	Manages authorization\_server creates a new object in the storage backend for metadata.namespace in F5 Distributed Cloud.
documentation/data-sources/aws_tgw_site/index.md	https://f5-sales-demo.github.io/terraform-provider-xcsh/data-sources/aws_tgw_site/	https://registry.terraform.io/providers/f5-sales-demo/xcsh/latest/docs/data-sources/aws_tgw_site	high	Management language on read-only data source	display override	Manages a AWS TGW Site resource in F5 Distributed Cloud for deploying F5 sites connected via AWS Transit Gateway.
documentation/data-sources/bgp/index.md	https://f5-sales-demo.github.io/terraform-provider-xcsh/data-sources/bgp/	https://registry.terraform.io/providers/f5-sales-demo/xcsh/latest/docs/data-sources/bgp	high	Management language on read-only data source	display override	Manages a BGP resource in F5 Distributed Cloud for bgp object is the configuration for peering with external bgp servers. it is created by users in system namespace. configuration.
documentation/data-sources/bgp_asn_set/index.md	https://f5-sales-demo.github.io/terraform-provider-xcsh/data-sources/bgp_asn_set/	https://registry.terraform.io/providers/f5-sales-demo/xcsh/latest/docs/data-sources/bgp_asn_set	high	Management language on read-only data source	display override	Manages bgp\_asn\_set creates a new object in the storage backend for metadata.namespace in F5 Distributed Cloud.
documentation/data-sources/bgp_routing_policy/index.md	https://f5-sales-demo.github.io/terraform-provider-xcsh/data-sources/bgp_routing_policy/	https://registry.terraform.io/providers/f5-sales-demo/xcsh/latest/docs/data-sources/bgp_routing_policy	high	Management language on read-only data source	display override	Manages a BGP Routing Policy resource in F5 Distributed Cloud for bgp routing policy is a list of rules containing match criteria and action to be applied. these rules help control routes which are imported or exported to bgp peers. configuration.
documentation/data-sources/bigip_http_proxy/index.md	https://f5-sales-demo.github.io/terraform-provider-xcsh/data-sources/bigip_http_proxy/	https://registry.terraform.io/providers/f5-sales-demo/xcsh/latest/docs/data-sources/bigip_http_proxy	high	Management language on read-only data source	display override	Manages BIG-IP HTTP Proxy in a given namespace. If one already exists, it will give an error in F5 Distributed Cloud.
documentation/data-sources/bigip_virtual_server/index.md	https://f5-sales-demo.github.io/terraform-provider-xcsh/data-sources/bigip_virtual_server/	https://registry.terraform.io/providers/f5-sales-demo/xcsh/latest/docs/data-sources/bigip_virtual_server	high	Management language on read-only data source	display override	Manages a BIG-IP Virtual Server resource in F5 Distributed Cloud for big-ip virtual server specification. configuration. (read-only data source)
documentation/data-sources/bot_allowlist_policy/index.md	https://f5-sales-demo.github.io/terraform-provider-xcsh/data-sources/bot_allowlist_policy/	https://registry.terraform.io/providers/f5-sales-demo/xcsh/latest/docs/data-sources/bot_allowlist_policy	high	Management language on read-only data source	display override	Manages a Bot Allowlist Policy resource in F5 Distributed Cloud for get bot allowlist policy. configuration. (read-only data source)
documentation/data-sources/bot_defense_app_infrastructure/index.md	https://f5-sales-demo.github.io/terraform-provider-xcsh/data-sources/bot_defense_app_infrastructure/	https://registry.terraform.io/providers/f5-sales-demo/xcsh/latest/docs/data-sources/bot_defense_app_infrastructure	high	Management language on read-only data source	display override	Manages Bot Defense App Infrastructure in a given namespace in F5 Distributed Cloud.
documentation/data-sources/bot_detection_rule/index.md	https://f5-sales-demo.github.io/terraform-provider-xcsh/data-sources/bot_detection_rule/	https://registry.terraform.io/providers/f5-sales-demo/xcsh/latest/docs/data-sources/bot_detection_rule	high	Management language on read-only data source	display override	Manages a Bot Detection Rule resource in F5 Distributed Cloud for get bot detection rule. configuration. (read-only data source)
documentation/data-sources/bot_endpoint_policy/index.md	https://f5-sales-demo.github.io/terraform-provider-xcsh/data-sources/bot_endpoint_policy/	https://registry.terraform.io/providers/f5-sales-demo/xcsh/latest/docs/data-sources/bot_endpoint_policy	high	Management language on read-only data source	display override	Manages a Bot Endpoint Policy resource in F5 Distributed Cloud for get bot endpoint policy. configuration. (read-only data source)
documentation/data-sources/bot_infrastructure/index.md	https://f5-sales-demo.github.io/terraform-provider-xcsh/data-sources/bot_infrastructure/	https://registry.terraform.io/providers/f5-sales-demo/xcsh/latest/docs/data-sources/bot_infrastructure	high	Management language on read-only data source	display override	Manages Bot Infrastructure in F5 Distributed Cloud.
documentation/data-sources/bot_network_policy/index.md	https://f5-sales-demo.github.io/terraform-provider-xcsh/data-sources/bot_network_policy/	https://registry.terraform.io/providers/f5-sales-demo/xcsh/latest/docs/data-sources/bot_network_policy	high	Management language on read-only data source	display override	Manages a Bot Network Policy resource in F5 Distributed Cloud for get bot network policy. configuration. (read-only data source)
documentation/data-sources/bot_peer_status/index.md	https://f5-sales-demo.github.io/terraform-provider-xcsh/data-sources/bot_peer_status/	https://registry.terraform.io/providers/f5-sales-demo/xcsh/latest/docs/data-sources/bot_peer_status	high	Creation language on read-only data source	display override	Resource creation operation.
documentation/data-sources/bot_peer_threat_types/index.md	https://f5-sales-demo.github.io/terraform-provider-xcsh/data-sources/bot_peer_threat_types/	https://registry.terraform.io/providers/f5-sales-demo/xcsh/latest/docs/data-sources/bot_peer_threat_types	high	Creation language on read-only data source	display override	Resource creation operation.
documentation/data-sources/bot_peer_top_good_bots/index.md	https://f5-sales-demo.github.io/terraform-provider-xcsh/data-sources/bot_peer_top_good_bots/	https://registry.terraform.io/providers/f5-sales-demo/xcsh/latest/docs/data-sources/bot_peer_top_good_bots	review	Awkward or boilerplate source prose	editorial candidate	Bot detection and defense configuration.
documentation/data-sources/bot_peer_top_reason_codes/index.md	https://f5-sales-demo.github.io/terraform-provider-xcsh/data-sources/bot_peer_top_reason_codes/	https://registry.terraform.io/providers/f5-sales-demo/xcsh/latest/docs/data-sources/bot_peer_top_reason_codes	high	Creation language on read-only data source	display override	Resource creation operation.
documentation/data-sources/bot_peer_traffic_overview/index.md	https://f5-sales-demo.github.io/terraform-provider-xcsh/data-sources/bot_peer_traffic_overview/	https://registry.terraform.io/providers/f5-sales-demo/xcsh/latest/docs/data-sources/bot_peer_traffic_overview	high	Creation language on read-only data source	display override	Resource creation operation.
documentation/data-sources/bot_suggest_values/index.md	https://f5-sales-demo.github.io/terraform-provider-xcsh/data-sources/bot_suggest_values/	https://registry.terraform.io/providers/f5-sales-demo/xcsh/latest/docs/data-sources/bot_suggest_values	high	Creation language on read-only data source	display override	Resource creation operation.
documentation/data-sources/cdn_cache_rule/index.md	https://f5-sales-demo.github.io/terraform-provider-xcsh/data-sources/cdn_cache_rule/	https://registry.terraform.io/providers/f5-sales-demo/xcsh/latest/docs/data-sources/cdn_cache_rule	high	Management language on read-only data source	display override	Manages a CDN Cache Rule resource in F5 Distributed Cloud for cdn loadbalancer specification. configuration.
documentation/data-sources/cdn_loadbalancer/index.md	https://f5-sales-demo.github.io/terraform-provider-xcsh/data-sources/cdn_loadbalancer/	https://registry.terraform.io/providers/f5-sales-demo/xcsh/latest/docs/data-sources/cdn_loadbalancer	high	Management language on read-only data source	display override	Manages a CDN Load Balancer resource in F5 Distributed Cloud for content delivery and edge caching with load balancing.
documentation/data-sources/cdn_purge_command/index.md	https://f5-sales-demo.github.io/terraform-provider-xcsh/data-sources/cdn_purge_command/	https://registry.terraform.io/providers/f5-sales-demo/xcsh/latest/docs/data-sources/cdn_purge_command	high	Management language on read-only data source	display override	Manages a CDN Purge Command resource in F5 Distributed Cloud for cdn purge command specification. configuration.
documentation/data-sources/certificate/index.md	https://f5-sales-demo.github.io/terraform-provider-xcsh/data-sources/certificate/	https://registry.terraform.io/providers/f5-sales-demo/xcsh/latest/docs/data-sources/certificate	high	Management language on read-only data source	display override	Manages a Certificate resource in F5 Distributed Cloud for certificate. configuration.
documentation/data-sources/certificate_chain/index.md	https://f5-sales-demo.github.io/terraform-provider-xcsh/data-sources/certificate_chain/	https://registry.terraform.io/providers/f5-sales-demo/xcsh/latest/docs/data-sources/certificate_chain	high	Management language on read-only data source	display override	Manages a Certificate Chain resource in F5 Distributed Cloud for certificate chain configuration for TLS.
documentation/data-sources/certified_hardware/index.md	https://f5-sales-demo.github.io/terraform-provider-xcsh/data-sources/certified_hardware/	https://registry.terraform.io/providers/f5-sales-demo/xcsh/latest/docs/data-sources/certified_hardware	high	Management language on read-only data source	display override	Manages a Certified Hardware resource in F5 Distributed Cloud for get certified hardware object. configuration. (read-only data source)
documentation/data-sources/cloud_credentials/index.md	https://f5-sales-demo.github.io/terraform-provider-xcsh/data-sources/cloud_credentials/	https://registry.terraform.io/providers/f5-sales-demo/xcsh/latest/docs/data-sources/cloud_credentials	high	Management language on read-only data source	display override	Manages a Cloud Credentials resource in F5 Distributed Cloud for api to create cloud\_credentials object. configuration.
documentation/data-sources/cloud_elastic_ip/index.md	https://f5-sales-demo.github.io/terraform-provider-xcsh/data-sources/cloud_elastic_ip/	https://registry.terraform.io/providers/f5-sales-demo/xcsh/latest/docs/data-sources/cloud_elastic_ip	high	Management language on read-only data source	display override	Manages Cloud Elastic IP creates Cloud Elastic IP object Object is attached to a site in F5 Distributed Cloud.
documentation/data-sources/cloud_link/index.md	https://f5-sales-demo.github.io/terraform-provider-xcsh/data-sources/cloud_link/	https://registry.terraform.io/providers/f5-sales-demo/xcsh/latest/docs/data-sources/cloud_link	high	Management language on read-only data source	display override	Manages new CloudLink with configured parameters in F5 Distributed Cloud.
documentation/data-sources/cloud_region/index.md	https://f5-sales-demo.github.io/terraform-provider-xcsh/data-sources/cloud_region/	https://registry.terraform.io/providers/f5-sales-demo/xcsh/latest/docs/data-sources/cloud_region	high	Management language on read-only data source	display override	Manages a Cloud Region resource in F5 Distributed Cloud for cloud re specification. configuration. (read-only data source)
documentation/data-sources/cloud_user_account/index.md	https://f5-sales-demo.github.io/terraform-provider-xcsh/data-sources/cloud_user_account/	https://registry.terraform.io/providers/f5-sales-demo/xcsh/latest/docs/data-sources/cloud_user_account	high	Management language on read-only data source	display override	Manages a Cloud User Account resource in F5 Distributed Cloud for cloud user account object create specifications. configuration.
documentation/data-sources/cluster/index.md	https://f5-sales-demo.github.io/terraform-provider-xcsh/data-sources/cluster/	https://registry.terraform.io/providers/f5-sales-demo/xcsh/latest/docs/data-sources/cluster	high	Management language on read-only data source	display override	Manages cluster will create the object in the storage backend for namespace metadata.namespace in F5 Distributed Cloud.
documentation/data-sources/cminstance/index.md	https://f5-sales-demo.github.io/terraform-provider-xcsh/data-sources/cminstance/	https://registry.terraform.io/providers/f5-sales-demo/xcsh/latest/docs/data-sources/cminstance	high	Management language on read-only data source	display override	Manages App type will create the configuration in namespace metadata.namespace in F5 Distributed Cloud.
documentation/data-sources/code_base_integration/index.md	https://f5-sales-demo.github.io/terraform-provider-xcsh/data-sources/code_base_integration/	https://registry.terraform.io/providers/f5-sales-demo/xcsh/latest/docs/data-sources/code_base_integration	high	Management language on read-only data source	display override	Manages integration details in F5 Distributed Cloud.
documentation/data-sources/container_registry/index.md	https://f5-sales-demo.github.io/terraform-provider-xcsh/data-sources/container_registry/	https://registry.terraform.io/providers/f5-sales-demo/xcsh/latest/docs/data-sources/container_registry	high	Management language on read-only data source	display override	Manages a Container Registry resource in F5 Distributed Cloud for container image registry configuration.
documentation/data-sources/crl/index.md	https://f5-sales-demo.github.io/terraform-provider-xcsh/data-sources/crl/	https://registry.terraform.io/providers/f5-sales-demo/xcsh/latest/docs/data-sources/crl	high	Management language on read-only data source	display override	Manages a CRL resource in F5 Distributed Cloud for api to create crl object. configuration.
documentation/data-sources/customer_support_comments/index.md	https://f5-sales-demo.github.io/terraform-provider-xcsh/data-sources/customer_support_comments/	https://registry.terraform.io/providers/f5-sales-demo/xcsh/latest/docs/data-sources/customer_support_comments	medium	Generic retrieval language	display override	Resource retrieval operation.
documentation/data-sources/data_group/index.md	https://f5-sales-demo.github.io/terraform-provider-xcsh/data-sources/data_group/	https://registry.terraform.io/providers/f5-sales-demo/xcsh/latest/docs/data-sources/data_group	high	Management language on read-only data source	display override	Manages data group in a given namespace. If one already exists it will give an error in F5 Distributed Cloud.
documentation/data-sources/data_type/index.md	https://f5-sales-demo.github.io/terraform-provider-xcsh/data-sources/data_type/	https://registry.terraform.io/providers/f5-sales-demo/xcsh/latest/docs/data-sources/data_type	high	Management language on read-only data source	display override	Manages data\_type creates a new object in the storage backend for metadata.namespace in F5 Distributed Cloud.
documentation/data-sources/dc_cluster_group/index.md	https://f5-sales-demo.github.io/terraform-provider-xcsh/data-sources/dc_cluster_group/	https://registry.terraform.io/providers/f5-sales-demo/xcsh/latest/docs/data-sources/dc_cluster_group	high	Management language on read-only data source	display override	Manages DC Cluster group in given namespace in F5 Distributed Cloud.
documentation/data-sources/device_intelligence_device_history/index.md	https://f5-sales-demo.github.io/terraform-provider-xcsh/data-sources/device_intelligence_device_history/	https://registry.terraform.io/providers/f5-sales-demo/xcsh/latest/docs/data-sources/device_intelligence_device_history	high	Creation language on read-only data source	display override	Resource creation operation.
documentation/data-sources/device_intelligence_device_summary/index.md	https://f5-sales-demo.github.io/terraform-provider-xcsh/data-sources/device_intelligence_device_summary/	https://registry.terraform.io/providers/f5-sales-demo/xcsh/latest/docs/data-sources/device_intelligence_device_summary	high	Creation language on read-only data source	display override	Resource creation operation.
documentation/data-sources/device_intelligence_devices/index.md	https://f5-sales-demo.github.io/terraform-provider-xcsh/data-sources/device_intelligence_devices/	https://registry.terraform.io/providers/f5-sales-demo/xcsh/latest/docs/data-sources/device_intelligence_devices	high	Creation language on read-only data source	display override	Resource creation operation.
documentation/data-sources/device_intelligence_high_risk_transactions/index.md	https://f5-sales-demo.github.io/terraform-provider-xcsh/data-sources/device_intelligence_high_risk_transactions/	https://registry.terraform.io/providers/f5-sales-demo/xcsh/latest/docs/data-sources/device_intelligence_high_risk_transactions	high	Creation language on read-only data source	display override	Resource creation operation.
documentation/data-sources/device_intelligence_multi_account_devices/index.md	https://f5-sales-demo.github.io/terraform-provider-xcsh/data-sources/device_intelligence_multi_account_devices/	https://registry.terraform.io/providers/f5-sales-demo/xcsh/latest/docs/data-sources/device_intelligence_multi_account_devices	high	Creation language on read-only data source	display override	Resource creation operation.
documentation/data-sources/device_intelligence_risk_score_distribution/index.md	https://f5-sales-demo.github.io/terraform-provider-xcsh/data-sources/device_intelligence_risk_score_distribution/	https://registry.terraform.io/providers/f5-sales-demo/xcsh/latest/docs/data-sources/device_intelligence_risk_score_distribution	high	Creation language on read-only data source	display override	Resource creation operation.
documentation/data-sources/device_intelligence_summary/index.md	https://f5-sales-demo.github.io/terraform-provider-xcsh/data-sources/device_intelligence_summary/	https://registry.terraform.io/providers/f5-sales-demo/xcsh/latest/docs/data-sources/device_intelligence_summary	high	Creation language on read-only data source	display override	Resource creation operation.
documentation/data-sources/discovery/index.md	https://f5-sales-demo.github.io/terraform-provider-xcsh/data-sources/discovery/	https://registry.terraform.io/providers/f5-sales-demo/xcsh/latest/docs/data-sources/discovery	high	Management language on read-only data source	display override	Manages a Discovery resource in F5 Distributed Cloud for api to create discovery object for a site or virtual site in system namespace. configuration.
documentation/data-sources/dns_compliance_checks/index.md	https://f5-sales-demo.github.io/terraform-provider-xcsh/data-sources/dns_compliance_checks/	https://registry.terraform.io/providers/f5-sales-demo/xcsh/latest/docs/data-sources/dns_compliance_checks	high	Management language on read-only data source	display override	Manages DNS Compliance Checks Specification in a given namespace. If one already exists it will give an error in F5 Distributed Cloud.
documentation/data-sources/dns_lb_health_check/index.md	https://f5-sales-demo.github.io/terraform-provider-xcsh/data-sources/dns_lb_health_check/	https://registry.terraform.io/providers/f5-sales-demo/xcsh/latest/docs/data-sources/dns_lb_health_check	high	Management language on read-only data source	display override	Manages DNS Load Balancer Health Check in a given namespace. If one already exist it will give a error in F5 Distributed Cloud.
documentation/data-sources/dns_lb_pool/index.md	https://f5-sales-demo.github.io/terraform-provider-xcsh/data-sources/dns_lb_pool/	https://registry.terraform.io/providers/f5-sales-demo/xcsh/latest/docs/data-sources/dns_lb_pool	high	Management language on read-only data source	display override	Manages DNS Load Balancer Pool in a given namespace. If one already exist it will give a error in F5 Distributed Cloud.
documentation/data-sources/dns_load_balancer/index.md	https://f5-sales-demo.github.io/terraform-provider-xcsh/data-sources/dns_load_balancer/	https://registry.terraform.io/providers/f5-sales-demo/xcsh/latest/docs/data-sources/dns_load_balancer	high	Management language on read-only data source	display override	Manages DNS Load Balancer in a given namespace. If one already exist it will give a error in F5 Distributed Cloud.
documentation/data-sources/dns_proxy/index.md	https://f5-sales-demo.github.io/terraform-provider-xcsh/data-sources/dns_proxy/	https://registry.terraform.io/providers/f5-sales-demo/xcsh/latest/docs/data-sources/dns_proxy	high	Management language on read-only data source	display override	Manages DNS Proxy in a given namespace. If one already exists it will give an error in F5 Distributed Cloud.
documentation/data-sources/dns_zone/index.md	https://f5-sales-demo.github.io/terraform-provider-xcsh/data-sources/dns_zone/	https://registry.terraform.io/providers/f5-sales-demo/xcsh/latest/docs/data-sources/dns_zone	high	Management language on read-only data source	display override	Manages DNS Zone in a given namespace. If one already exist it will give a error in F5 Distributed Cloud.
documentation/data-sources/dns_zone_cryptokeys/index.md	https://f5-sales-demo.github.io/terraform-provider-xcsh/data-sources/dns_zone_cryptokeys/	https://registry.terraform.io/providers/f5-sales-demo/xcsh/latest/docs/data-sources/dns_zone_cryptokeys	high	Creation language on read-only data source	display override	Resource creation operation.
documentation/data-sources/endpoint/index.md	https://f5-sales-demo.github.io/terraform-provider-xcsh/data-sources/endpoint/	https://registry.terraform.io/providers/f5-sales-demo/xcsh/latest/docs/data-sources/endpoint	high	Management language on read-only data source	display override	Manages endpoint will create the object in the storage backend for namespace metadata.namespace in F5 Distributed Cloud.
documentation/data-sources/enhanced_firewall_policy/index.md	https://f5-sales-demo.github.io/terraform-provider-xcsh/data-sources/enhanced_firewall_policy/	https://registry.terraform.io/providers/f5-sales-demo/xcsh/latest/docs/data-sources/enhanced_firewall_policy	high	Management language on read-only data source	display override	Manages a Enhanced Firewall Policy resource in F5 Distributed Cloud for enhanced firewall policy specification. configuration.
documentation/data-sources/external_connector/index.md	https://f5-sales-demo.github.io/terraform-provider-xcsh/data-sources/external_connector/	https://registry.terraform.io/providers/f5-sales-demo/xcsh/latest/docs/data-sources/external_connector	high	Management language on read-only data source	display override	Manages a External Connector resource in F5 Distributed Cloud for external\_connector configuration specification. configuration.
documentation/data-sources/fast_acl/index.md	https://f5-sales-demo.github.io/terraform-provider-xcsh/data-sources/fast_acl/	https://registry.terraform.io/providers/f5-sales-demo/xcsh/latest/docs/data-sources/fast_acl	high	Management language on read-only data source	display override	Manages object, object contains rules to protect site from denial of service It has destination\{destination IP, destination port) and references to in F5 Distributed Cloud.
documentation/data-sources/fast_acl_rule/index.md	https://f5-sales-demo.github.io/terraform-provider-xcsh/data-sources/fast_acl_rule/	https://registry.terraform.io/providers/f5-sales-demo/xcsh/latest/docs/data-sources/fast_acl_rule	high	Management language on read-only data source	display override	Manages new Fast ACL rule, has specification to match source IP, source port and action to apply in F5 Distributed Cloud.
documentation/data-sources/filter_set/index.md	https://f5-sales-demo.github.io/terraform-provider-xcsh/data-sources/filter_set/	https://registry.terraform.io/providers/f5-sales-demo/xcsh/latest/docs/data-sources/filter_set	high	Management language on read-only data source	display override	Manages specification in F5 Distributed Cloud.
documentation/data-sources/fleet/index.md	https://f5-sales-demo.github.io/terraform-provider-xcsh/data-sources/fleet/	https://registry.terraform.io/providers/f5-sales-demo/xcsh/latest/docs/data-sources/fleet	high	Management language on read-only data source	display override	Manages fleet will create a fleet object in 'system' namespace of the user in F5 Distributed Cloud.
documentation/data-sources/flow_anomaly/index.md	https://f5-sales-demo.github.io/terraform-provider-xcsh/data-sources/flow_anomaly/	https://registry.terraform.io/providers/f5-sales-demo/xcsh/latest/docs/data-sources/flow_anomaly	high	Management language on read-only data source	display override	Manages a Flow Anomaly resource in F5 Distributed Cloud for flow anomaly specification. configuration. (read-only data source)
documentation/data-sources/forward_proxy_policy/index.md	https://f5-sales-demo.github.io/terraform-provider-xcsh/data-sources/forward_proxy_policy/	https://registry.terraform.io/providers/f5-sales-demo/xcsh/latest/docs/data-sources/forward_proxy_policy	high	Management language on read-only data source	display override	Manages a Forward Proxy Policy resource in F5 Distributed Cloud for forward proxy policy specification. configuration.
documentation/data-sources/forwarding_class/index.md	https://f5-sales-demo.github.io/terraform-provider-xcsh/data-sources/forwarding_class/	https://registry.terraform.io/providers/f5-sales-demo/xcsh/latest/docs/data-sources/forwarding_class	high	Management language on read-only data source	display override	Manages a Forwarding Class resource in F5 Distributed Cloud for forwarding class is created by users in system namespace. configuration.
documentation/data-sources/geo_location_set/index.md	https://f5-sales-demo.github.io/terraform-provider-xcsh/data-sources/geo_location_set/	https://registry.terraform.io/providers/f5-sales-demo/xcsh/latest/docs/data-sources/geo_location_set	high	Management language on read-only data source	display override	Manages Geolocation Set in F5 Distributed Cloud.
documentation/data-sources/global_log_receiver/index.md	https://f5-sales-demo.github.io/terraform-provider-xcsh/data-sources/global_log_receiver/	https://registry.terraform.io/providers/f5-sales-demo/xcsh/latest/docs/data-sources/global_log_receiver	high	Management language on read-only data source	display override	Manages new Global Log Receiver object in F5 Distributed Cloud.
documentation/data-sources/healthcheck/index.md	https://f5-sales-demo.github.io/terraform-provider-xcsh/data-sources/healthcheck/	https://registry.terraform.io/providers/f5-sales-demo/xcsh/latest/docs/data-sources/healthcheck	high	Management language on read-only data source	display override	Manages a Healthcheck resource in F5 Distributed Cloud for healthcheck object defines method to determine if the given endpoint is healthy. single healthcheck object can be referred to by one or many cluster objects. configuration.
documentation/data-sources/http_loadbalancer/index.md	https://f5-sales-demo.github.io/terraform-provider-xcsh/data-sources/http_loadbalancer/	https://registry.terraform.io/providers/f5-sales-demo/xcsh/latest/docs/data-sources/http_loadbalancer	high	Management language on read-only data source	display override	Manages a HTTP Load Balancer resource in F5 Distributed Cloud for load balancing HTTP/HTTPS traffic with routing and security controls.
documentation/data-sources/ike1/index.md	https://f5-sales-demo.github.io/terraform-provider-xcsh/data-sources/ike1/	https://registry.terraform.io/providers/f5-sales-demo/xcsh/latest/docs/data-sources/ike1	high	Management language on read-only data source	display override	Manages a Ike1 resource in F5 Distributed Cloud for ike phase1 profile specification. configuration.
documentation/data-sources/ike2/index.md	https://f5-sales-demo.github.io/terraform-provider-xcsh/data-sources/ike2/	https://registry.terraform.io/providers/f5-sales-demo/xcsh/latest/docs/data-sources/ike2	high	Management language on read-only data source	display override	Manages a Ike2 resource in F5 Distributed Cloud for ike phase2 profile specification. configuration.
documentation/data-sources/ike_phase1_profile/index.md	https://f5-sales-demo.github.io/terraform-provider-xcsh/data-sources/ike_phase1_profile/	https://registry.terraform.io/providers/f5-sales-demo/xcsh/latest/docs/data-sources/ike_phase1_profile	high	Management language on read-only data source	display override	Manages a IKE Phase1 Profile resource in F5 Distributed Cloud for ike phase1 profile specification. configuration.
documentation/data-sources/ike_phase2_profile/index.md	https://f5-sales-demo.github.io/terraform-provider-xcsh/data-sources/ike_phase2_profile/	https://registry.terraform.io/providers/f5-sales-demo/xcsh/latest/docs/data-sources/ike_phase2_profile	high	Management language on read-only data source	display override	Manages a IKE Phase2 Profile resource in F5 Distributed Cloud for ike phase2 profile specification. configuration.
documentation/data-sources/infraprotect_mitigation_ips/index.md	https://f5-sales-demo.github.io/terraform-provider-xcsh/data-sources/infraprotect_mitigation_ips/	https://registry.terraform.io/providers/f5-sales-demo/xcsh/latest/docs/data-sources/infraprotect_mitigation_ips	medium	Generic retrieval language	display override	Resource retrieval operation.
documentation/data-sources/ip_prefix_set/index.md	https://f5-sales-demo.github.io/terraform-provider-xcsh/data-sources/ip_prefix_set/	https://registry.terraform.io/providers/f5-sales-demo/xcsh/latest/docs/data-sources/ip_prefix_set	high	Management language on read-only data source	display override	Manages ip\_prefix\_set creates a new object in the storage backend for metadata.namespace in F5 Distributed Cloud.
documentation/data-sources/irule/index.md	https://f5-sales-demo.github.io/terraform-provider-xcsh/data-sources/irule/	https://registry.terraform.io/providers/f5-sales-demo/xcsh/latest/docs/data-sources/irule	high	Management language on read-only data source	display override	Manages iRule in a given namespace. If one already exists it will give an error in F5 Distributed Cloud.
documentation/data-sources/k8s_cluster/index.md	https://f5-sales-demo.github.io/terraform-provider-xcsh/data-sources/k8s_cluster/	https://registry.terraform.io/providers/f5-sales-demo/xcsh/latest/docs/data-sources/k8s_cluster	high	Management language on read-only data source	display override	Manages k8s\_cluster will create the object in the storage backend for namespace metadata.namespace in F5 Distributed Cloud.
documentation/data-sources/k8s_cluster_role/index.md	https://f5-sales-demo.github.io/terraform-provider-xcsh/data-sources/k8s_cluster_role/	https://registry.terraform.io/providers/f5-sales-demo/xcsh/latest/docs/data-sources/k8s_cluster_role	high	Management language on read-only data source	display override	Manages k8s\_cluster\_role will create the object in the storage backend for namespace metadata.namespace in F5 Distributed Cloud.
documentation/data-sources/k8s_cluster_role_binding/index.md	https://f5-sales-demo.github.io/terraform-provider-xcsh/data-sources/k8s_cluster_role_binding/	https://registry.terraform.io/providers/f5-sales-demo/xcsh/latest/docs/data-sources/k8s_cluster_role_binding	high	Management language on read-only data source	display override	Manages k8s\_cluster\_role\_binding will create the object in the storage backend for namespace metadata.namespace in F5 Distributed Cloud.
documentation/data-sources/k8s_pod_security_admission/index.md	https://f5-sales-demo.github.io/terraform-provider-xcsh/data-sources/k8s_pod_security_admission/	https://registry.terraform.io/providers/f5-sales-demo/xcsh/latest/docs/data-sources/k8s_pod_security_admission	high	Management language on read-only data source	display override	Manages k8s\_pod\_security\_admission will create the object in the storage backend in F5 Distributed Cloud.
documentation/data-sources/k8s_pod_security_policy/index.md	https://f5-sales-demo.github.io/terraform-provider-xcsh/data-sources/k8s_pod_security_policy/	https://registry.terraform.io/providers/f5-sales-demo/xcsh/latest/docs/data-sources/k8s_pod_security_policy	high	Management language on read-only data source	display override	Manages k8s\_pod\_security\_policy will create the object in the storage backend for namespace metadata.namespace in F5 Distributed Cloud.
documentation/data-sources/lma_region/index.md	https://f5-sales-demo.github.io/terraform-provider-xcsh/data-sources/lma_region/	https://registry.terraform.io/providers/f5-sales-demo/xcsh/latest/docs/data-sources/lma_region	high	Management language on read-only data source	display override	Manages a Lma Region resource in F5 Distributed Cloud for lma region specification. configuration. (read-only data source)
documentation/data-sources/log_receiver/index.md	https://f5-sales-demo.github.io/terraform-provider-xcsh/data-sources/log_receiver/	https://registry.terraform.io/providers/f5-sales-demo/xcsh/latest/docs/data-sources/log_receiver	high	Management language on read-only data source	display override	Manages new Log Receiver object in F5 Distributed Cloud.
documentation/data-sources/malicious_user_mitigation/index.md	https://f5-sales-demo.github.io/terraform-provider-xcsh/data-sources/malicious_user_mitigation/	https://registry.terraform.io/providers/f5-sales-demo/xcsh/latest/docs/data-sources/malicious_user_mitigation	high	Management language on read-only data source	display override	Manages malicious\_user\_mitigation creates a new object in the storage backend for metadata.namespace in F5 Distributed Cloud.
documentation/data-sources/managed_client_customer_support_comments/index.md	https://f5-sales-demo.github.io/terraform-provider-xcsh/data-sources/managed_client_customer_support_comments/	https://registry.terraform.io/providers/f5-sales-demo/xcsh/latest/docs/data-sources/managed_client_customer_support_comments	medium	Generic retrieval language	display override	Resource retrieval operation.
documentation/data-sources/mitigated_domain/index.md	https://f5-sales-demo.github.io/terraform-provider-xcsh/data-sources/mitigated_domain/	https://registry.terraform.io/providers/f5-sales-demo/xcsh/latest/docs/data-sources/mitigated_domain	high	Management language on read-only data source	display override	Manages Mitigated Domain in F5 Distributed Cloud.
documentation/data-sources/namespace/index.md	https://f5-sales-demo.github.io/terraform-provider-xcsh/data-sources/namespace/	https://registry.terraform.io/providers/f5-sales-demo/xcsh/latest/docs/data-sources/namespace	high	Management language on read-only data source	display override	Manages new namespace. Name of the object is name of the name space in F5 Distributed Cloud.
documentation/data-sources/nat_policy/index.md	https://f5-sales-demo.github.io/terraform-provider-xcsh/data-sources/nat_policy/	https://registry.terraform.io/providers/f5-sales-demo/xcsh/latest/docs/data-sources/nat_policy	high	Management language on read-only data source	display override	Manages a NAT Policy resource in F5 Distributed Cloud for nat policy create specification configures nat policy with multiple rules,. configuration.
documentation/data-sources/network_bot_defense/index.md	https://f5-sales-demo.github.io/terraform-provider-xcsh/data-sources/network_bot_defense/	https://registry.terraform.io/providers/f5-sales-demo/xcsh/latest/docs/data-sources/network_bot_defense	none	No entry-page finding	accepted	Bot Defense domains for an FQDN-aware firewall or proxy. Values are bundled from the pinned OpenAPI release; this data source performs no network request. Ports and traffic direction are not encoded in the manifest.
documentation/data-sources/network_cdn/index.md	https://f5-sales-demo.github.io/terraform-provider-xcsh/data-sources/network_cdn/	https://registry.terraform.io/providers/f5-sales-demo/xcsh/latest/docs/data-sources/network_cdn	none	No entry-page finding	accepted	CDN IPv4 networks for origin or network-firewall ingress allowlists. Values are bundled from the pinned OpenAPI release; this data source performs no network request. Ports and traffic direction are not encoded in the manifest.
documentation/data-sources/network_connector/index.md	https://f5-sales-demo.github.io/terraform-provider-xcsh/data-sources/network_connector/	https://registry.terraform.io/providers/f5-sales-demo/xcsh/latest/docs/data-sources/network_connector	high	Management language on read-only data source	display override	Manages a Network Connector resource in F5 Distributed Cloud for network connector is created by users in system namespace. configuration.
documentation/data-sources/network_customer_edge_defaults/index.md	https://f5-sales-demo.github.io/terraform-provider-xcsh/data-sources/network_customer_edge_defaults/	https://registry.terraform.io/providers/f5-sales-demo/xcsh/latest/docs/data-sources/network_customer_edge_defaults	none	No entry-page finding	accepted	Default DNS and NTP destinations for Customer Edge firewall rules. Values are bundled from the pinned OpenAPI release; this data source performs no network request. Ports and traffic direction are not encoded in the manifest.
documentation/data-sources/network_customer_edge_egress/index.md	https://f5-sales-demo.github.io/terraform-provider-xcsh/data-sources/network_customer_edge_egress/	https://registry.terraform.io/providers/f5-sales-demo/xcsh/latest/docs/data-sources/network_customer_edge_egress	none	No entry-page finding	accepted	Secure Mesh v2 registration IPv4 addresses and egress domains. Legacy Customer Edge values are intentionally excluded. Values are bundled from the pinned OpenAPI release; this data source performs no network request. Ports and traffic direction are not encoded in the manifest.
documentation/data-sources/network_data_intelligence/index.md	https://f5-sales-demo.github.io/terraform-provider-xcsh/data-sources/network_data_intelligence/	https://registry.terraform.io/providers/f5-sales-demo/xcsh/latest/docs/data-sources/network_data_intelligence	none	No entry-page finding	accepted	Regional Data Intelligence IPv4 destinations. Values are bundled from the pinned OpenAPI release; this data source performs no network request. Ports and traffic direction are not encoded in the manifest.
documentation/data-sources/network_dnslb_health_checks/index.md	https://f5-sales-demo.github.io/terraform-provider-xcsh/data-sources/network_dnslb_health_checks/	https://registry.terraform.io/providers/f5-sales-demo/xcsh/latest/docs/data-sources/network_dnslb_health_checks	none	No entry-page finding	accepted	DNS Load Balancer health-check probe IPv4 addresses. Values are bundled from the pinned OpenAPI release; this data source performs no network request. Ports and traffic direction are not encoded in the manifest.
documentation/data-sources/network_firewall/index.md	https://f5-sales-demo.github.io/terraform-provider-xcsh/data-sources/network_firewall/	https://registry.terraform.io/providers/f5-sales-demo/xcsh/latest/docs/data-sources/network_firewall	high	Management language on read-only data source	display override	Manages a Network Firewall resource in F5 Distributed Cloud for network firewall is created by users in system namespace. configuration.
documentation/data-sources/network_global_controller_sso_egress/index.md	https://f5-sales-demo.github.io/terraform-provider-xcsh/data-sources/network_global_controller_sso_egress/	https://registry.terraform.io/providers/f5-sales-demo/xcsh/latest/docs/data-sources/network_global_controller_sso_egress	none	No entry-page finding	accepted	Global Controller SSO egress IPv4 addresses. Values are bundled from the pinned OpenAPI release; this data source performs no network request. Ports and traffic direction are not encoded in the manifest.
documentation/data-sources/network_global_log_receiver/index.md	https://f5-sales-demo.github.io/terraform-provider-xcsh/data-sources/network_global_log_receiver/	https://registry.terraform.io/providers/f5-sales-demo/xcsh/latest/docs/data-sources/network_global_log_receiver	none	No entry-page finding	accepted	Global Log Receiver destinations. Published source entries mix CIDRs and individual IPv4 addresses. Values are bundled from the pinned OpenAPI release; this data source performs no network request. Ports and traffic direction are not encoded in the manifest.
documentation/data-sources/network_interface/index.md	https://f5-sales-demo.github.io/terraform-provider-xcsh/data-sources/network_interface/	https://registry.terraform.io/providers/f5-sales-demo/xcsh/latest/docs/data-sources/network_interface	high	Management language on read-only data source	display override	Manages a Network Interface resource in F5 Distributed Cloud for network interface represents configuration of a network device. it is created by users in system namespace. configuration.
documentation/data-sources/network_policy/index.md	https://f5-sales-demo.github.io/terraform-provider-xcsh/data-sources/network_policy/	https://registry.terraform.io/providers/f5-sales-demo/xcsh/latest/docs/data-sources/network_policy	high	Management language on read-only data source	display override	Manages new network policy with configured parameters in specified namespace in F5 Distributed Cloud.
documentation/data-sources/network_policy_rule/index.md	https://f5-sales-demo.github.io/terraform-provider-xcsh/data-sources/network_policy_rule/	https://registry.terraform.io/providers/f5-sales-demo/xcsh/latest/docs/data-sources/network_policy_rule	high	Management language on read-only data source	display override	Manages network policy rule with configured parameters in specified namespace in F5 Distributed Cloud.
documentation/data-sources/network_policy_set/index.md	https://f5-sales-demo.github.io/terraform-provider-xcsh/data-sources/network_policy_set/	https://registry.terraform.io/providers/f5-sales-demo/xcsh/latest/docs/data-sources/network_policy_set	high	Management language on read-only data source	display override	Manages a Network Policy Set resource in F5 Distributed Cloud for get network policy set in a given namespace. configuration. (read-only data source)
documentation/data-sources/network_policy_view/index.md	https://f5-sales-demo.github.io/terraform-provider-xcsh/data-sources/network_policy_view/	https://registry.terraform.io/providers/f5-sales-demo/xcsh/latest/docs/data-sources/network_policy_view	high	Management language on read-only data source	display override	Manages a Network Policy View resource in F5 Distributed Cloud for network policy view specification. configuration.
documentation/data-sources/network_regional_edges/index.md	https://f5-sales-demo.github.io/terraform-provider-xcsh/data-sources/network_regional_edges/	https://registry.terraform.io/providers/f5-sales-demo/xcsh/latest/docs/data-sources/network_regional_edges	none	No entry-page finding	accepted	Regional Edge IPv4 networks for origin ingress allowlists. Values are bundled from the pinned OpenAPI release; this data source performs no network request. Ports and traffic direction are not encoded in the manifest.
documentation/data-sources/network_secondary_dns_zone_transfer/index.md	https://f5-sales-demo.github.io/terraform-provider-xcsh/data-sources/network_secondary_dns_zone_transfer/	https://registry.terraform.io/providers/f5-sales-demo/xcsh/latest/docs/data-sources/network_secondary_dns_zone_transfer	none	No entry-page finding	accepted	Published Secondary DNS transfer and notify IPv4 addresses. The source does not distinguish their purposes. Values are bundled from the pinned OpenAPI release; this data source performs no network request. Ports and traffic direction are not encoded in the manifest.
documentation/data-sources/nfv_service/index.md	https://f5-sales-demo.github.io/terraform-provider-xcsh/data-sources/nfv_service/	https://registry.terraform.io/providers/f5-sales-demo/xcsh/latest/docs/data-sources/nfv_service	high	Management language on read-only data source	display override	Manages new NFV service with configured parameters in F5 Distributed Cloud.
documentation/data-sources/nginx_csg/index.md	https://f5-sales-demo.github.io/terraform-provider-xcsh/data-sources/nginx_csg/	https://registry.terraform.io/providers/f5-sales-demo/xcsh/latest/docs/data-sources/nginx_csg	high	Management language on read-only data source	display override	Manages a Nginx Csg resource in F5 Distributed Cloud for get nginx csg configuration. configuration. (read-only data source)
documentation/data-sources/nginx_instance/index.md	https://f5-sales-demo.github.io/terraform-provider-xcsh/data-sources/nginx_instance/	https://registry.terraform.io/providers/f5-sales-demo/xcsh/latest/docs/data-sources/nginx_instance	high	Management language on read-only data source	display override	Manages a Nginx Instance resource in F5 Distributed Cloud for get nginx instance configuration. configuration. (read-only data source)
documentation/data-sources/nginx_server/index.md	https://f5-sales-demo.github.io/terraform-provider-xcsh/data-sources/nginx_server/	https://registry.terraform.io/providers/f5-sales-demo/xcsh/latest/docs/data-sources/nginx_server	high	Management language on read-only data source	display override	Manages a Nginx Server resource in F5 Distributed Cloud for get nginx server block configuration. configuration. (read-only data source)
documentation/data-sources/nginx_service_discovery/index.md	https://f5-sales-demo.github.io/terraform-provider-xcsh/data-sources/nginx_service_discovery/	https://registry.terraform.io/providers/f5-sales-demo/xcsh/latest/docs/data-sources/nginx_service_discovery	high	Management language on read-only data source	display override	Manages a Nginx Service Discovery resource in F5 Distributed Cloud for api to create nginx service discovery object for a site or virtual site in system namespace. configuration.
documentation/data-sources/oidc_oauth_discovery/index.md	https://f5-sales-demo.github.io/terraform-provider-xcsh/data-sources/oidc_oauth_discovery/	https://registry.terraform.io/providers/f5-sales-demo/xcsh/latest/docs/data-sources/oidc_oauth_discovery	high	Creation language on read-only data source	display override	Resource creation operation.
documentation/data-sources/origin_pool/index.md	https://f5-sales-demo.github.io/terraform-provider-xcsh/data-sources/origin_pool/	https://registry.terraform.io/providers/f5-sales-demo/xcsh/latest/docs/data-sources/origin_pool	high	Management language on read-only data source	display override	Manages a Origin Pool resource in F5 Distributed Cloud for defining backend server pools for load balancer targets.
documentation/data-sources/partner_customer_support_comments/index.md	https://f5-sales-demo.github.io/terraform-provider-xcsh/data-sources/partner_customer_support_comments/	https://registry.terraform.io/providers/f5-sales-demo/xcsh/latest/docs/data-sources/partner_customer_support_comments	medium	Generic retrieval language	display override	Resource retrieval operation.
documentation/data-sources/policer/index.md	https://f5-sales-demo.github.io/terraform-provider-xcsh/data-sources/policer/	https://registry.terraform.io/providers/f5-sales-demo/xcsh/latest/docs/data-sources/policer	high	Management language on read-only data source	display override	Manages new policer with traffic rate limits in F5 Distributed Cloud.
documentation/data-sources/policy_based_routing/index.md	https://f5-sales-demo.github.io/terraform-provider-xcsh/data-sources/policy_based_routing/	https://registry.terraform.io/providers/f5-sales-demo/xcsh/latest/docs/data-sources/policy_based_routing	high	Management language on read-only data source	display override	Manages a Policy Based Routing resource in F5 Distributed Cloud for network policy based routing create specification. configuration.
documentation/data-sources/protected_application/index.md	https://f5-sales-demo.github.io/terraform-provider-xcsh/data-sources/protected_application/	https://registry.terraform.io/providers/f5-sales-demo/xcsh/latest/docs/data-sources/protected_application	high	Management language on read-only data source	display override	Manages applications protected by Bot Defense in F5 Distributed Cloud.
documentation/data-sources/protected_domain/index.md	https://f5-sales-demo.github.io/terraform-provider-xcsh/data-sources/protected_domain/	https://registry.terraform.io/providers/f5-sales-demo/xcsh/latest/docs/data-sources/protected_domain	high	Management language on read-only data source	display override	Manages Domain to protect in F5 Distributed Cloud.
documentation/data-sources/protocol_inspection/index.md	https://f5-sales-demo.github.io/terraform-provider-xcsh/data-sources/protocol_inspection/	https://registry.terraform.io/providers/f5-sales-demo/xcsh/latest/docs/data-sources/protocol_inspection	high	Management language on read-only data source	display override	Manages Protocol Inspection Specification in a given namespace. If one already exists it will give an error in F5 Distributed Cloud.
documentation/data-sources/protocol_policer/index.md	https://f5-sales-demo.github.io/terraform-provider-xcsh/data-sources/protocol_policer/	https://registry.terraform.io/providers/f5-sales-demo/xcsh/latest/docs/data-sources/protocol_policer	high	Management language on read-only data source	display override	Manages protocol\_policer object, protocol\_policer object contains list of L4 protocol match condition and corresponding traffic rate limits in F5 Distributed Cloud.
documentation/data-sources/proxy/index.md	https://f5-sales-demo.github.io/terraform-provider-xcsh/data-sources/proxy/	https://registry.terraform.io/providers/f5-sales-demo/xcsh/latest/docs/data-sources/proxy	high	Management language on read-only data source	display override	Manages a Proxy resource in F5 Distributed Cloud for tcp loadbalancer create specification. configuration.
documentation/data-sources/public_ip/index.md	https://f5-sales-demo.github.io/terraform-provider-xcsh/data-sources/public_ip/	https://registry.terraform.io/providers/f5-sales-demo/xcsh/latest/docs/data-sources/public_ip	high	Management language on read-only data source	display override	Manages a Public IP resource in F5 Distributed Cloud for get public\_ip will get the object from the storage backend for namespace metadata.namespace. configuration. (read-only data source)
documentation/data-sources/rate_limiter/index.md	https://f5-sales-demo.github.io/terraform-provider-xcsh/data-sources/rate_limiter/	https://registry.terraform.io/providers/f5-sales-demo/xcsh/latest/docs/data-sources/rate_limiter	high	Management language on read-only data source	display override	Manages rate\_limiter creates a new object in the storage backend for metadata.namespace in F5 Distributed Cloud.
documentation/data-sources/rate_limiter_policy/index.md	https://f5-sales-demo.github.io/terraform-provider-xcsh/data-sources/rate_limiter_policy/	https://registry.terraform.io/providers/f5-sales-demo/xcsh/latest/docs/data-sources/rate_limiter_policy	high	Management language on read-only data source	display override	Manages a Rate Limiter Policy resource in F5 Distributed Cloud for rate limiter policy create specification. configuration.
documentation/data-sources/registration/index.md	https://f5-sales-demo.github.io/terraform-provider-xcsh/data-sources/registration/	https://registry.terraform.io/providers/f5-sales-demo/xcsh/latest/docs/data-sources/registration	high	Management language on read-only data source	display override	Manages a Registration resource in F5 Distributed Cloud for vpm creates registration using this message, never used by users. configuration.
documentation/data-sources/route/index.md	https://f5-sales-demo.github.io/terraform-provider-xcsh/data-sources/route/	https://registry.terraform.io/providers/f5-sales-demo/xcsh/latest/docs/data-sources/route	high	Management language on read-only data source	display override	Manages route object in a given namespace. Route object is list of route rules. Each rule has match condition to match incoming requests and actions to take on matching requests in F5 Distributed Cloud.
documentation/data-sources/secret_management_access/index.md	https://f5-sales-demo.github.io/terraform-provider-xcsh/data-sources/secret_management_access/	https://registry.terraform.io/providers/f5-sales-demo/xcsh/latest/docs/data-sources/secret_management_access	high	Management language on read-only data source	display override	Manages secret\_management\_access creates a new object in storage backend for metadata.namespace in F5 Distributed Cloud.
documentation/data-sources/securemesh_site_v2/index.md	https://f5-sales-demo.github.io/terraform-provider-xcsh/data-sources/securemesh_site_v2/	https://registry.terraform.io/providers/f5-sales-demo/xcsh/latest/docs/data-sources/securemesh_site_v2	high	Management language on read-only data source	display override	Manages a Securemesh Site V2 resource in F5 Distributed Cloud for deploying secure mesh edge sites with security and networking controls.
documentation/data-sources/segment/index.md	https://f5-sales-demo.github.io/terraform-provider-xcsh/data-sources/segment/	https://registry.terraform.io/providers/f5-sales-demo/xcsh/latest/docs/data-sources/segment	high	Management language on read-only data source	display override	Manages a Segment resource in F5 Distributed Cloud for segment. configuration.
documentation/data-sources/segment_connection/index.md	https://f5-sales-demo.github.io/terraform-provider-xcsh/data-sources/segment_connection/	https://registry.terraform.io/providers/f5-sales-demo/xcsh/latest/docs/data-sources/segment_connection	high	Management language on read-only data source	display override	Manages a Segment Connection resource in F5 Distributed Cloud for segment connector specification. configuration. (read-only data source)
documentation/data-sources/sensitive_data_policy/index.md	https://f5-sales-demo.github.io/terraform-provider-xcsh/data-sources/sensitive_data_policy/	https://registry.terraform.io/providers/f5-sales-demo/xcsh/latest/docs/data-sources/sensitive_data_policy	high	Management language on read-only data source	display override	Manages sensitive\_data\_policy creates a new object in the storage backend for metadata.namespace in F5 Distributed Cloud.
documentation/data-sources/service_policy/index.md	https://f5-sales-demo.github.io/terraform-provider-xcsh/data-sources/service_policy/	https://registry.terraform.io/providers/f5-sales-demo/xcsh/latest/docs/data-sources/service_policy	high	Management language on read-only data source	display override	Manages service\_policy creates a new object in the storage backend for metadata.namespace in F5 Distributed Cloud.
documentation/data-sources/service_policy_rule/index.md	https://f5-sales-demo.github.io/terraform-provider-xcsh/data-sources/service_policy_rule/	https://registry.terraform.io/providers/f5-sales-demo/xcsh/latest/docs/data-sources/service_policy_rule	high	Management language on read-only data source	display override	Manages service\_policy\_rule creates a new object in the storage backend for metadata.namespace in F5 Distributed Cloud.
documentation/data-sources/service_policy_set/index.md	https://f5-sales-demo.github.io/terraform-provider-xcsh/data-sources/service_policy_set/	https://registry.terraform.io/providers/f5-sales-demo/xcsh/latest/docs/data-sources/service_policy_set	high	Management language on read-only data source	display override	Manages a Service Policy Set resource in F5 Distributed Cloud for get service\_policy\_set reads a given object from storage backend for metadata.namespace. configuration. (read-only data source)
documentation/data-sources/shape_bot_defense_instance/index.md	https://f5-sales-demo.github.io/terraform-provider-xcsh/data-sources/shape_bot_defense_instance/	https://registry.terraform.io/providers/f5-sales-demo/xcsh/latest/docs/data-sources/shape_bot_defense_instance	high	Management language on read-only data source	display override	Manages a Shape Bot Defense Instance resource in F5 Distributed Cloud for get virtual host from a given namespace. configuration. (read-only data source)
documentation/data-sources/site/index.md	https://f5-sales-demo.github.io/terraform-provider-xcsh/data-sources/site/	https://registry.terraform.io/providers/f5-sales-demo/xcsh/latest/docs/data-sources/site	high	Management language on read-only data source	display override	Manages a Site resource in F5 Distributed Cloud for get of site. configuration. (read-only data source)
documentation/data-sources/site_bgp_status/index.md	https://f5-sales-demo.github.io/terraform-provider-xcsh/data-sources/site_bgp_status/	https://registry.terraform.io/providers/f5-sales-demo/xcsh/latest/docs/data-sources/site_bgp_status	none	No entry-page finding	accepted	Polls authoritative F5 XC BGP and route observations until they agree with MAC-bound AWS expectations.
documentation/data-sources/site_cloud_init/index.md	https://f5-sales-demo.github.io/terraform-provider-xcsh/data-sources/site_cloud_init/	https://registry.terraform.io/providers/f5-sales-demo/xcsh/latest/docs/data-sources/site_cloud_init	none	No entry-page finding	accepted	Retrieve Customer Edge cloud-init template.
documentation/data-sources/site_image/index.md	https://f5-sales-demo.github.io/terraform-provider-xcsh/data-sources/site_image/	https://registry.terraform.io/providers/f5-sales-demo/xcsh/latest/docs/data-sources/site_image	review	Awkward or boilerplate source prose	editorial candidate	Resolve the current KVM image using exactly one Site owned by the named SMSv2 configuration. No caller UID or static fallback is supported. Verify the artifact MD5 before use; image resolution does not imply successful boot.
documentation/data-sources/site_mesh_group/index.md	https://f5-sales-demo.github.io/terraform-provider-xcsh/data-sources/site_mesh_group/	https://registry.terraform.io/providers/f5-sales-demo/xcsh/latest/docs/data-sources/site_mesh_group	high	Management language on read-only data source	display override	Manages Site Mesh Group in system namespace of user in F5 Distributed Cloud.
documentation/data-sources/site_registration/index.md	https://f5-sales-demo.github.io/terraform-provider-xcsh/data-sources/site_registration/	https://registry.terraform.io/providers/f5-sales-demo/xcsh/latest/docs/data-sources/site_registration	none	No entry-page finding	accepted	[redacted: upstream prose contains a literal organization identifier]
documentation/data-sources/site_registrations/index.md	https://f5-sales-demo.github.io/terraform-provider-xcsh/data-sources/site_registrations/	https://registry.terraform.io/providers/f5-sales-demo/xcsh/latest/docs/data-sources/site_registrations	none	No entry-page finding	accepted	List Customer Edge registrations.
documentation/data-sources/site_registrations_by_site/index.md	https://f5-sales-demo.github.io/terraform-provider-xcsh/data-sources/site_registrations_by_site/	https://registry.terraform.io/providers/f5-sales-demo/xcsh/latest/docs/data-sources/site_registrations_by_site	none	No entry-page finding	accepted	List registrations for a Customer Edge site.
documentation/data-sources/site_registrations_by_state/index.md	https://f5-sales-demo.github.io/terraform-provider-xcsh/data-sources/site_registrations_by_state/	https://registry.terraform.io/providers/f5-sales-demo/xcsh/latest/docs/data-sources/site_registrations_by_state	none	No entry-page finding	accepted	List Customer Edge registrations by state.
documentation/data-sources/site_upgrade_status/index.md	https://f5-sales-demo.github.io/terraform-provider-xcsh/data-sources/site_upgrade_status/	https://registry.terraform.io/providers/f5-sales-demo/xcsh/latest/docs/data-sources/site_upgrade_status	none	No entry-page finding	accepted	Observes SMSv2 site upgrade eligibility and waits for explicitly supplied software and operating-system targets to converge.
documentation/data-sources/smsv2_aws_runtime/index.md	https://f5-sales-demo.github.io/terraform-provider-xcsh/data-sources/smsv2_aws_runtime/	https://registry.terraform.io/providers/f5-sales-demo/xcsh/latest/docs/data-sources/smsv2_aws_runtime	none	No entry-page finding	accepted	Correlates AWS ENI identities with SMSv2 configuration, site provisioning and published physical-link status.
documentation/data-sources/smsv2_contract/index.md	https://f5-sales-demo.github.io/terraform-provider-xcsh/data-sources/smsv2_contract/	https://registry.terraform.io/providers/f5-sales-demo/xcsh/latest/docs/data-sources/smsv2_contract	none	No entry-page finding	accepted	Publishes the immutable clean-break SMSv2 AWS, Azure, and KVM capability contracts compiled into this provider release.
documentation/data-sources/smsv2_kvm_runtime/index.md	https://f5-sales-demo.github.io/terraform-provider-xcsh/data-sources/smsv2_kvm_runtime/	https://registry.terraform.io/providers/f5-sales-demo/xcsh/latest/docs/data-sources/smsv2_kvm_runtime	none	No entry-page finding	accepted	Resolves one realized KVM Secure Mesh Site v2 SLO network interface through site UID ownership, the live registration hostname and device, and an expected MAC address. The name is observed, never guessed.
documentation/data-sources/srv6_network_slice/index.md	https://f5-sales-demo.github.io/terraform-provider-xcsh/data-sources/srv6_network_slice/	https://registry.terraform.io/providers/f5-sales-demo/xcsh/latest/docs/data-sources/srv6_network_slice	high	Management language on read-only data source	display override	Manages srv6\_network\_slice creates a new object in the storage backend for metadata.namespace in F5 Distributed Cloud.
documentation/data-sources/subnet/index.md	https://f5-sales-demo.github.io/terraform-provider-xcsh/data-sources/subnet/	https://registry.terraform.io/providers/f5-sales-demo/xcsh/latest/docs/data-sources/subnet	high	Management language on read-only data source	display override	Manages a Subnet resource in F5 Distributed Cloud for subnet object contains configuration for an interface of a vm/pod. it is created in user or shared namespace. configuration.
documentation/data-sources/tcp_loadbalancer/index.md	https://f5-sales-demo.github.io/terraform-provider-xcsh/data-sources/tcp_loadbalancer/	https://registry.terraform.io/providers/f5-sales-demo/xcsh/latest/docs/data-sources/tcp_loadbalancer	high	Management language on read-only data source	display override	Manages a TCP Load Balancer resource in F5 Distributed Cloud for load balancing TCP traffic across origin pools.
documentation/data-sources/tenant_configuration/index.md	https://f5-sales-demo.github.io/terraform-provider-xcsh/data-sources/tenant_configuration/	https://registry.terraform.io/providers/f5-sales-demo/xcsh/latest/docs/data-sources/tenant_configuration	high	Management language on read-only data source	display override	Manages a Tenant Configuration resource in F5 Distributed Cloud for tenant configuration specification. configuration.
documentation/data-sources/third_party_application/index.md	https://f5-sales-demo.github.io/terraform-provider-xcsh/data-sources/third_party_application/	https://registry.terraform.io/providers/f5-sales-demo/xcsh/latest/docs/data-sources/third_party_application	high	Management language on read-only data source	display override	Manages a Third Party Application resource in F5 Distributed Cloud for third party application specification. configuration. (read-only data source)
documentation/data-sources/tmm_session_metrics/index.md	https://f5-sales-demo.github.io/terraform-provider-xcsh/data-sources/tmm_session_metrics/	https://registry.terraform.io/providers/f5-sales-demo/xcsh/latest/docs/data-sources/tmm_session_metrics	high	Creation language on read-only data source	display override	Resource creation operation.
documentation/data-sources/token/index.md	https://f5-sales-demo.github.io/terraform-provider-xcsh/data-sources/token/	https://registry.terraform.io/providers/f5-sales-demo/xcsh/latest/docs/data-sources/token	high	Management language on read-only data source	display override	Manages new token. Token object is used to manage site admission. User must generate token before provisioning and pass this token to site during it's registration in F5 Distributed Cloud.
documentation/data-sources/trusted_ca_list/index.md	https://f5-sales-demo.github.io/terraform-provider-xcsh/data-sources/trusted_ca_list/	https://registry.terraform.io/providers/f5-sales-demo/xcsh/latest/docs/data-sources/trusted_ca_list	high	Management language on read-only data source	display override	Manages a Trusted CA List resource in F5 Distributed Cloud for trusted certificate authority list management.
documentation/data-sources/tunnel/index.md	https://f5-sales-demo.github.io/terraform-provider-xcsh/data-sources/tunnel/	https://registry.terraform.io/providers/f5-sales-demo/xcsh/latest/docs/data-sources/tunnel	high	Management language on read-only data source	display override	Manages tunnel in a given namespace. If one already exist it will give a error in F5 Distributed Cloud.
documentation/data-sources/udp_loadbalancer/index.md	https://f5-sales-demo.github.io/terraform-provider-xcsh/data-sources/udp_loadbalancer/	https://registry.terraform.io/providers/f5-sales-demo/xcsh/latest/docs/data-sources/udp_loadbalancer	high	Management language on read-only data source	display override	Manages a UDP Load Balancer resource in F5 Distributed Cloud for load balancing UDP traffic across origin pools.
documentation/data-sources/usb_policy/index.md	https://f5-sales-demo.github.io/terraform-provider-xcsh/data-sources/usb_policy/	https://registry.terraform.io/providers/f5-sales-demo/xcsh/latest/docs/data-sources/usb_policy	high	Management language on read-only data source	display override	Manages new USB policy object in F5 Distributed Cloud.
documentation/data-sources/user_identification/index.md	https://f5-sales-demo.github.io/terraform-provider-xcsh/data-sources/user_identification/	https://registry.terraform.io/providers/f5-sales-demo/xcsh/latest/docs/data-sources/user_identification	high	Management language on read-only data source	display override	Manages user\_identification creates a new object in the storage backend for metadata.namespace in F5 Distributed Cloud.
documentation/data-sources/virtual_host/index.md	https://f5-sales-demo.github.io/terraform-provider-xcsh/data-sources/virtual_host/	https://registry.terraform.io/providers/f5-sales-demo/xcsh/latest/docs/data-sources/virtual_host	high	Management language on read-only data source	display override	Manages virtual host in a given namespace in F5 Distributed Cloud.
documentation/data-sources/virtual_k8s/index.md	https://f5-sales-demo.github.io/terraform-provider-xcsh/data-sources/virtual_k8s/	https://registry.terraform.io/providers/f5-sales-demo/xcsh/latest/docs/data-sources/virtual_k8s	high	Management language on read-only data source	display override	Manages virtual\_k8s will create the object in the storage backend for namespace metadata.namespace in F5 Distributed Cloud.
documentation/data-sources/virtual_network/index.md	https://f5-sales-demo.github.io/terraform-provider-xcsh/data-sources/virtual_network/	https://registry.terraform.io/providers/f5-sales-demo/xcsh/latest/docs/data-sources/virtual_network	high	Management language on read-only data source	display override	Manages virtual network in given namespace in F5 Distributed Cloud.
documentation/data-sources/virtual_site/index.md	https://f5-sales-demo.github.io/terraform-provider-xcsh/data-sources/virtual_site/	https://registry.terraform.io/providers/f5-sales-demo/xcsh/latest/docs/data-sources/virtual_site	high	Management language on read-only data source	display override	Manages virtual site object in given namespace in F5 Distributed Cloud.
documentation/data-sources/waf_attack_signatures/index.md	https://f5-sales-demo.github.io/terraform-provider-xcsh/data-sources/waf_attack_signatures/	https://registry.terraform.io/providers/f5-sales-demo/xcsh/latest/docs/data-sources/waf_attack_signatures	medium	Generic retrieval language	display override	Resource retrieval operation.
documentation/data-sources/waf_bot_signatures/index.md	https://f5-sales-demo.github.io/terraform-provider-xcsh/data-sources/waf_bot_signatures/	https://registry.terraform.io/providers/f5-sales-demo/xcsh/latest/docs/data-sources/waf_bot_signatures	review	Awkward or boilerplate source prose	editorial candidate	Bot detection and defense configuration.
documentation/data-sources/waf_exclusion_policy/index.md	https://f5-sales-demo.github.io/terraform-provider-xcsh/data-sources/waf_exclusion_policy/	https://registry.terraform.io/providers/f5-sales-demo/xcsh/latest/docs/data-sources/waf_exclusion_policy	high	Management language on read-only data source	display override	Manages WAF exclusion policy in F5 Distributed Cloud.
documentation/data-sources/waf_latest_signatures_version/index.md	https://f5-sales-demo.github.io/terraform-provider-xcsh/data-sources/waf_latest_signatures_version/	https://registry.terraform.io/providers/f5-sales-demo/xcsh/latest/docs/data-sources/waf_latest_signatures_version	medium	Generic retrieval language	display override	Resource retrieval operation.
documentation/data-sources/waf_threat_campaigns/index.md	https://f5-sales-demo.github.io/terraform-provider-xcsh/data-sources/waf_threat_campaigns/	https://registry.terraform.io/providers/f5-sales-demo/xcsh/latest/docs/data-sources/waf_threat_campaigns	medium	Generic retrieval language	display override	Resource retrieval operation.
documentation/data-sources/waf_threats/index.md	https://f5-sales-demo.github.io/terraform-provider-xcsh/data-sources/waf_threats/	https://registry.terraform.io/providers/f5-sales-demo/xcsh/latest/docs/data-sources/waf_threats	high	Creation language on read-only data source	display override	Resource creation operation.
documentation/data-sources/workload/index.md	https://f5-sales-demo.github.io/terraform-provider-xcsh/data-sources/workload/	https://registry.terraform.io/providers/f5-sales-demo/xcsh/latest/docs/data-sources/workload	high	Management language on read-only data source	display override	Manages a Workload resource in F5 Distributed Cloud for workload. configuration.
documentation/data-sources/workload_flavor/index.md	https://f5-sales-demo.github.io/terraform-provider-xcsh/data-sources/workload_flavor/	https://registry.terraform.io/providers/f5-sales-demo/xcsh/latest/docs/data-sources/workload_flavor	high	Management language on read-only data source	display override	Manages workload\_flavor in F5 Distributed Cloud.
documentation/ephemeral-resources/artifact_registry_token/index.md	https://f5-sales-demo.github.io/terraform-provider-xcsh/ephemeral-resources/artifact_registry_token/	https://registry.terraform.io/providers/f5-sales-demo/xcsh/latest/docs/ephemeral-resources/artifact_registry_token	none	No entry-page finding	accepted	Authentication credential for access control.
documentation/ephemeral-resources/kubernetes_manifests/index.md	https://f5-sales-demo.github.io/terraform-provider-xcsh/ephemeral-resources/kubernetes_manifests/	https://registry.terraform.io/providers/f5-sales-demo/xcsh/latest/docs/ephemeral-resources/kubernetes_manifests	review	Awkward or boilerplate source prose	editorial candidate	Kubernetes workload configuration.
documentation/resources/address_allocator/index.md	https://f5-sales-demo.github.io/terraform-provider-xcsh/resources/address_allocator/	https://registry.terraform.io/providers/f5-sales-demo/xcsh/latest/docs/resources/address_allocator	none	No entry-page finding	accepted	Manages Address Allocator will create an address allocator object in 'system' namespace of the user in F5 Distributed Cloud.
documentation/resources/advertise_policy/index.md	https://f5-sales-demo.github.io/terraform-provider-xcsh/resources/advertise_policy/	https://registry.terraform.io/providers/f5-sales-demo/xcsh/latest/docs/resources/advertise_policy	medium	Article or acronym grammar	display override	Manages a Advertise Policy resource in F5 Distributed Cloud for advertise\_policy object controls how and where a service represented by a given virtual\_host object is advertised to consumers. configuration.
documentation/resources/alert_gen_policy/index.md	https://f5-sales-demo.github.io/terraform-provider-xcsh/resources/alert_gen_policy/	https://registry.terraform.io/providers/f5-sales-demo/xcsh/latest/docs/resources/alert_gen_policy	none	No entry-page finding	accepted	Manages Alert Generation Policy in F5 Distributed Cloud.
documentation/resources/alert_policy/index.md	https://f5-sales-demo.github.io/terraform-provider-xcsh/resources/alert_policy/	https://registry.terraform.io/providers/f5-sales-demo/xcsh/latest/docs/resources/alert_policy	none	No entry-page finding	accepted	Manages new Alert Policy Object in F5 Distributed Cloud.
documentation/resources/alert_receiver/index.md	https://f5-sales-demo.github.io/terraform-provider-xcsh/resources/alert_receiver/	https://registry.terraform.io/providers/f5-sales-demo/xcsh/latest/docs/resources/alert_receiver	none	No entry-page finding	accepted	Manages new Alert Receiver object in F5 Distributed Cloud.
documentation/resources/alert_template/index.md	https://f5-sales-demo.github.io/terraform-provider-xcsh/resources/alert_template/	https://registry.terraform.io/providers/f5-sales-demo/xcsh/latest/docs/resources/alert_template	none	No entry-page finding	accepted	Manages Domain to protect in F5 Distributed Cloud.
documentation/resources/allowed_domain/index.md	https://f5-sales-demo.github.io/terraform-provider-xcsh/resources/allowed_domain/	https://registry.terraform.io/providers/f5-sales-demo/xcsh/latest/docs/resources/allowed_domain	none	No entry-page finding	accepted	Manages allowed domain in F5 Distributed Cloud.
documentation/resources/api_crawler/index.md	https://f5-sales-demo.github.io/terraform-provider-xcsh/resources/api_crawler/	https://registry.terraform.io/providers/f5-sales-demo/xcsh/latest/docs/resources/api_crawler	medium	Article or acronym grammar	display override	Manages a API Crawler resource in F5 Distributed Cloud.
documentation/resources/api_definition/index.md	https://f5-sales-demo.github.io/terraform-provider-xcsh/resources/api_definition/	https://registry.terraform.io/providers/f5-sales-demo/xcsh/latest/docs/resources/api_definition	none	No entry-page finding	accepted	Manages API Definition in F5 Distributed Cloud.
documentation/resources/api_discovery/index.md	https://f5-sales-demo.github.io/terraform-provider-xcsh/resources/api_discovery/	https://registry.terraform.io/providers/f5-sales-demo/xcsh/latest/docs/resources/api_discovery	review	Awkward or boilerplate source prose	editorial candidate	Manages API discovery creates a new object in the storage backend for metadata.namespace in F5 Distributed Cloud.
documentation/resources/api_testing/index.md	https://f5-sales-demo.github.io/terraform-provider-xcsh/resources/api_testing/	https://registry.terraform.io/providers/f5-sales-demo/xcsh/latest/docs/resources/api_testing	medium	Article or acronym grammar	display override	Manages a API Testing resource in F5 Distributed Cloud.
documentation/resources/app_api_group/index.md	https://f5-sales-demo.github.io/terraform-provider-xcsh/resources/app_api_group/	https://registry.terraform.io/providers/f5-sales-demo/xcsh/latest/docs/resources/app_api_group	review	Awkward or boilerplate source prose	editorial candidate	Manages app\_api\_group creates a new object in the storage backend for metadata.namespace in F5 Distributed Cloud.
documentation/resources/app_firewall/index.md	https://f5-sales-demo.github.io/terraform-provider-xcsh/resources/app_firewall/	https://registry.terraform.io/providers/f5-sales-demo/xcsh/latest/docs/resources/app_firewall	none	No entry-page finding	accepted	Manages Application Firewall in F5 Distributed Cloud.
documentation/resources/app_setting/index.md	https://f5-sales-demo.github.io/terraform-provider-xcsh/resources/app_setting/	https://registry.terraform.io/providers/f5-sales-demo/xcsh/latest/docs/resources/app_setting	review	Awkward or boilerplate source prose	editorial candidate	Manages App setting configuration in namespace metadata.namespace in F5 Distributed Cloud.
documentation/resources/app_type/index.md	https://f5-sales-demo.github.io/terraform-provider-xcsh/resources/app_type/	https://registry.terraform.io/providers/f5-sales-demo/xcsh/latest/docs/resources/app_type	review	Awkward or boilerplate source prose	editorial candidate	Manages App type will create the configuration in namespace metadata.namespace in F5 Distributed Cloud.
documentation/resources/application_profiles/index.md	https://f5-sales-demo.github.io/terraform-provider-xcsh/resources/application_profiles/	https://registry.terraform.io/providers/f5-sales-demo/xcsh/latest/docs/resources/application_profiles	none	No entry-page finding	accepted	Manages Application Profiles in a given namespace. If one already exists it will give an error in F5 Distributed Cloud.
documentation/resources/authentication/index.md	https://f5-sales-demo.github.io/terraform-provider-xcsh/resources/authentication/	https://registry.terraform.io/providers/f5-sales-demo/xcsh/latest/docs/resources/authentication	medium	Article or acronym grammar	display override	Manages a Authentication resource in F5 Distributed Cloud.
documentation/resources/authorization_server/index.md	https://f5-sales-demo.github.io/terraform-provider-xcsh/resources/authorization_server/	https://registry.terraform.io/providers/f5-sales-demo/xcsh/latest/docs/resources/authorization_server	review	Awkward or boilerplate source prose	editorial candidate	Manages authorization\_server creates a new object in the storage backend for metadata.namespace in F5 Distributed Cloud.
documentation/resources/aws_tgw_site/index.md	https://f5-sales-demo.github.io/terraform-provider-xcsh/resources/aws_tgw_site/	https://registry.terraform.io/providers/f5-sales-demo/xcsh/latest/docs/resources/aws_tgw_site	medium	Article or acronym grammar	display override	Manages a AWS TGW Site resource in F5 Distributed Cloud for deploying F5 sites connected via AWS Transit Gateway.
documentation/resources/bgp/index.md	https://f5-sales-demo.github.io/terraform-provider-xcsh/resources/bgp/	https://registry.terraform.io/providers/f5-sales-demo/xcsh/latest/docs/resources/bgp	review	Awkward or boilerplate source prose	editorial candidate	Manages a BGP resource in F5 Distributed Cloud for bgp object is the configuration for peering with external bgp servers. it is created by users in system namespace. configuration.
documentation/resources/bgp_asn_set/index.md	https://f5-sales-demo.github.io/terraform-provider-xcsh/resources/bgp_asn_set/	https://registry.terraform.io/providers/f5-sales-demo/xcsh/latest/docs/resources/bgp_asn_set	review	Awkward or boilerplate source prose	editorial candidate	Manages bgp\_asn\_set creates a new object in the storage backend for metadata.namespace in F5 Distributed Cloud.
documentation/resources/bgp_routing_policy/index.md	https://f5-sales-demo.github.io/terraform-provider-xcsh/resources/bgp_routing_policy/	https://registry.terraform.io/providers/f5-sales-demo/xcsh/latest/docs/resources/bgp_routing_policy	review	Awkward or boilerplate source prose	editorial candidate	Manages a BGP Routing Policy resource in F5 Distributed Cloud for bgp routing policy is a list of rules containing match criteria and action to be applied. these rules help control routes which are imported or exported to bgp peers. configuration.
documentation/resources/bigip_http_proxy/index.md	https://f5-sales-demo.github.io/terraform-provider-xcsh/resources/bigip_http_proxy/	https://registry.terraform.io/providers/f5-sales-demo/xcsh/latest/docs/resources/bigip_http_proxy	none	No entry-page finding	accepted	Manages BIG-IP HTTP Proxy in a given namespace. If one already exists, it will give an error in F5 Distributed Cloud.
documentation/resources/bot_defense_app_infrastructure/index.md	https://f5-sales-demo.github.io/terraform-provider-xcsh/resources/bot_defense_app_infrastructure/	https://registry.terraform.io/providers/f5-sales-demo/xcsh/latest/docs/resources/bot_defense_app_infrastructure	none	No entry-page finding	accepted	Manages Bot Defense App Infrastructure in a given namespace in F5 Distributed Cloud.
documentation/resources/bot_infrastructure/index.md	https://f5-sales-demo.github.io/terraform-provider-xcsh/resources/bot_infrastructure/	https://registry.terraform.io/providers/f5-sales-demo/xcsh/latest/docs/resources/bot_infrastructure	none	No entry-page finding	accepted	Manages Bot Infrastructure in F5 Distributed Cloud.
documentation/resources/cdn_cache_rule/index.md	https://f5-sales-demo.github.io/terraform-provider-xcsh/resources/cdn_cache_rule/	https://registry.terraform.io/providers/f5-sales-demo/xcsh/latest/docs/resources/cdn_cache_rule	review	Awkward or boilerplate source prose	editorial candidate	Manages a CDN Cache Rule resource in F5 Distributed Cloud for cdn loadbalancer specification. configuration.
documentation/resources/cdn_loadbalancer/index.md	https://f5-sales-demo.github.io/terraform-provider-xcsh/resources/cdn_loadbalancer/	https://registry.terraform.io/providers/f5-sales-demo/xcsh/latest/docs/resources/cdn_loadbalancer	none	No entry-page finding	accepted	Manages a CDN Load Balancer resource in F5 Distributed Cloud for content delivery and edge caching with load balancing.
documentation/resources/cdn_purge_command/index.md	https://f5-sales-demo.github.io/terraform-provider-xcsh/resources/cdn_purge_command/	https://registry.terraform.io/providers/f5-sales-demo/xcsh/latest/docs/resources/cdn_purge_command	review	Awkward or boilerplate source prose	editorial candidate	Manages a CDN Purge Command resource in F5 Distributed Cloud for cdn purge command specification. configuration.
documentation/resources/certificate/index.md	https://f5-sales-demo.github.io/terraform-provider-xcsh/resources/certificate/	https://registry.terraform.io/providers/f5-sales-demo/xcsh/latest/docs/resources/certificate	review	Awkward or boilerplate source prose	editorial candidate	Manages a Certificate resource in F5 Distributed Cloud for certificate. configuration.
documentation/resources/certificate_chain/index.md	https://f5-sales-demo.github.io/terraform-provider-xcsh/resources/certificate_chain/	https://registry.terraform.io/providers/f5-sales-demo/xcsh/latest/docs/resources/certificate_chain	none	No entry-page finding	accepted	Manages a Certificate Chain resource in F5 Distributed Cloud for certificate chain configuration for TLS.
documentation/resources/cloud_credentials/index.md	https://f5-sales-demo.github.io/terraform-provider-xcsh/resources/cloud_credentials/	https://registry.terraform.io/providers/f5-sales-demo/xcsh/latest/docs/resources/cloud_credentials	review	Awkward or boilerplate source prose	editorial candidate	Manages a Cloud Credentials resource in F5 Distributed Cloud for api to create cloud\_credentials object. configuration.
documentation/resources/cloud_elastic_ip/index.md	https://f5-sales-demo.github.io/terraform-provider-xcsh/resources/cloud_elastic_ip/	https://registry.terraform.io/providers/f5-sales-demo/xcsh/latest/docs/resources/cloud_elastic_ip	none	No entry-page finding	accepted	Manages Cloud Elastic IP creates Cloud Elastic IP object Object is attached to a site in F5 Distributed Cloud.
documentation/resources/cloud_link/index.md	https://f5-sales-demo.github.io/terraform-provider-xcsh/resources/cloud_link/	https://registry.terraform.io/providers/f5-sales-demo/xcsh/latest/docs/resources/cloud_link	none	No entry-page finding	accepted	Manages new CloudLink with configured parameters in F5 Distributed Cloud.
documentation/resources/cloud_user_account/index.md	https://f5-sales-demo.github.io/terraform-provider-xcsh/resources/cloud_user_account/	https://registry.terraform.io/providers/f5-sales-demo/xcsh/latest/docs/resources/cloud_user_account	review	Awkward or boilerplate source prose	editorial candidate	Manages a Cloud User Account resource in F5 Distributed Cloud for cloud user account object create specifications. configuration.
documentation/resources/cluster/index.md	https://f5-sales-demo.github.io/terraform-provider-xcsh/resources/cluster/	https://registry.terraform.io/providers/f5-sales-demo/xcsh/latest/docs/resources/cluster	review	Awkward or boilerplate source prose	editorial candidate	Manages cluster will create the object in the storage backend for namespace metadata.namespace in F5 Distributed Cloud.
documentation/resources/cminstance/index.md	https://f5-sales-demo.github.io/terraform-provider-xcsh/resources/cminstance/	https://registry.terraform.io/providers/f5-sales-demo/xcsh/latest/docs/resources/cminstance	review	Awkward or boilerplate source prose	editorial candidate	Manages App type will create the configuration in namespace metadata.namespace in F5 Distributed Cloud.
documentation/resources/code_base_integration/index.md	https://f5-sales-demo.github.io/terraform-provider-xcsh/resources/code_base_integration/	https://registry.terraform.io/providers/f5-sales-demo/xcsh/latest/docs/resources/code_base_integration	none	No entry-page finding	accepted	Manages integration details in F5 Distributed Cloud.
documentation/resources/container_registry/index.md	https://f5-sales-demo.github.io/terraform-provider-xcsh/resources/container_registry/	https://registry.terraform.io/providers/f5-sales-demo/xcsh/latest/docs/resources/container_registry	review	Awkward or boilerplate source prose	editorial candidate	Manages a Container Registry resource in F5 Distributed Cloud for container image registry configuration.
documentation/resources/crl/index.md	https://f5-sales-demo.github.io/terraform-provider-xcsh/resources/crl/	https://registry.terraform.io/providers/f5-sales-demo/xcsh/latest/docs/resources/crl	review	Awkward or boilerplate source prose	editorial candidate	Manages a CRL resource in F5 Distributed Cloud for api to create crl object. configuration.
documentation/resources/data_group/index.md	https://f5-sales-demo.github.io/terraform-provider-xcsh/resources/data_group/	https://registry.terraform.io/providers/f5-sales-demo/xcsh/latest/docs/resources/data_group	none	No entry-page finding	accepted	Manages data group in a given namespace. If one already exists it will give an error in F5 Distributed Cloud.
documentation/resources/data_type/index.md	https://f5-sales-demo.github.io/terraform-provider-xcsh/resources/data_type/	https://registry.terraform.io/providers/f5-sales-demo/xcsh/latest/docs/resources/data_type	review	Awkward or boilerplate source prose	editorial candidate	Manages data\_type creates a new object in the storage backend for metadata.namespace in F5 Distributed Cloud.
documentation/resources/dc_cluster_group/index.md	https://f5-sales-demo.github.io/terraform-provider-xcsh/resources/dc_cluster_group/	https://registry.terraform.io/providers/f5-sales-demo/xcsh/latest/docs/resources/dc_cluster_group	none	No entry-page finding	accepted	Manages DC Cluster group in given namespace in F5 Distributed Cloud.
documentation/resources/discovery/index.md	https://f5-sales-demo.github.io/terraform-provider-xcsh/resources/discovery/	https://registry.terraform.io/providers/f5-sales-demo/xcsh/latest/docs/resources/discovery	review	Awkward or boilerplate source prose	editorial candidate	Manages a Discovery resource in F5 Distributed Cloud for api to create discovery object for a site or virtual site in system namespace. configuration.
documentation/resources/dns_compliance_checks/index.md	https://f5-sales-demo.github.io/terraform-provider-xcsh/resources/dns_compliance_checks/	https://registry.terraform.io/providers/f5-sales-demo/xcsh/latest/docs/resources/dns_compliance_checks	none	No entry-page finding	accepted	Manages DNS Compliance Checks Specification in a given namespace. If one already exists it will give an error in F5 Distributed Cloud.
documentation/resources/dns_lb_health_check/index.md	https://f5-sales-demo.github.io/terraform-provider-xcsh/resources/dns_lb_health_check/	https://registry.terraform.io/providers/f5-sales-demo/xcsh/latest/docs/resources/dns_lb_health_check	none	No entry-page finding	accepted	Manages DNS Load Balancer Health Check in a given namespace. If one already exist it will give a error in F5 Distributed Cloud.
documentation/resources/dns_lb_pool/index.md	https://f5-sales-demo.github.io/terraform-provider-xcsh/resources/dns_lb_pool/	https://registry.terraform.io/providers/f5-sales-demo/xcsh/latest/docs/resources/dns_lb_pool	none	No entry-page finding	accepted	Manages DNS Load Balancer Pool in a given namespace. If one already exist it will give a error in F5 Distributed Cloud.
documentation/resources/dns_load_balancer/index.md	https://f5-sales-demo.github.io/terraform-provider-xcsh/resources/dns_load_balancer/	https://registry.terraform.io/providers/f5-sales-demo/xcsh/latest/docs/resources/dns_load_balancer	none	No entry-page finding	accepted	Manages DNS Load Balancer in a given namespace. If one already exist it will give a error in F5 Distributed Cloud.
documentation/resources/dns_proxy/index.md	https://f5-sales-demo.github.io/terraform-provider-xcsh/resources/dns_proxy/	https://registry.terraform.io/providers/f5-sales-demo/xcsh/latest/docs/resources/dns_proxy	none	No entry-page finding	accepted	Manages DNS Proxy in a given namespace. If one already exists it will give an error in F5 Distributed Cloud.
documentation/resources/dns_zone/index.md	https://f5-sales-demo.github.io/terraform-provider-xcsh/resources/dns_zone/	https://registry.terraform.io/providers/f5-sales-demo/xcsh/latest/docs/resources/dns_zone	none	No entry-page finding	accepted	Manages DNS Zone in a given namespace. If one already exist it will give a error in F5 Distributed Cloud.
documentation/resources/endpoint/index.md	https://f5-sales-demo.github.io/terraform-provider-xcsh/resources/endpoint/	https://registry.terraform.io/providers/f5-sales-demo/xcsh/latest/docs/resources/endpoint	review	Awkward or boilerplate source prose	editorial candidate	Manages endpoint will create the object in the storage backend for namespace metadata.namespace in F5 Distributed Cloud.
documentation/resources/enhanced_firewall_policy/index.md	https://f5-sales-demo.github.io/terraform-provider-xcsh/resources/enhanced_firewall_policy/	https://registry.terraform.io/providers/f5-sales-demo/xcsh/latest/docs/resources/enhanced_firewall_policy	medium	Article or acronym grammar	display override	Manages a Enhanced Firewall Policy resource in F5 Distributed Cloud for enhanced firewall policy specification. configuration.
documentation/resources/external_connector/index.md	https://f5-sales-demo.github.io/terraform-provider-xcsh/resources/external_connector/	https://registry.terraform.io/providers/f5-sales-demo/xcsh/latest/docs/resources/external_connector	review	Awkward or boilerplate source prose	display override	Manages a External Connector resource in F5 Distributed Cloud for external\_connector configuration specification. configuration.
documentation/resources/fast_acl/index.md	https://f5-sales-demo.github.io/terraform-provider-xcsh/resources/fast_acl/	https://registry.terraform.io/providers/f5-sales-demo/xcsh/latest/docs/resources/fast_acl	none	No entry-page finding	accepted	Manages object, object contains rules to protect site from denial of service It has destination\{destination IP, destination port) and references to in F5 Distributed Cloud.
documentation/resources/fast_acl_rule/index.md	https://f5-sales-demo.github.io/terraform-provider-xcsh/resources/fast_acl_rule/	https://registry.terraform.io/providers/f5-sales-demo/xcsh/latest/docs/resources/fast_acl_rule	none	No entry-page finding	accepted	Manages new Fast ACL rule, has specification to match source IP, source port and action to apply in F5 Distributed Cloud.
documentation/resources/filter_set/index.md	https://f5-sales-demo.github.io/terraform-provider-xcsh/resources/filter_set/	https://registry.terraform.io/providers/f5-sales-demo/xcsh/latest/docs/resources/filter_set	none	No entry-page finding	accepted	Manages specification in F5 Distributed Cloud.
documentation/resources/fleet/index.md	https://f5-sales-demo.github.io/terraform-provider-xcsh/resources/fleet/	https://registry.terraform.io/providers/f5-sales-demo/xcsh/latest/docs/resources/fleet	none	No entry-page finding	accepted	Manages fleet will create a fleet object in 'system' namespace of the user in F5 Distributed Cloud.
documentation/resources/forward_proxy_policy/index.md	https://f5-sales-demo.github.io/terraform-provider-xcsh/resources/forward_proxy_policy/	https://registry.terraform.io/providers/f5-sales-demo/xcsh/latest/docs/resources/forward_proxy_policy	review	Awkward or boilerplate source prose	editorial candidate	Manages a Forward Proxy Policy resource in F5 Distributed Cloud for forward proxy policy specification. configuration.
documentation/resources/forwarding_class/index.md	https://f5-sales-demo.github.io/terraform-provider-xcsh/resources/forwarding_class/	https://registry.terraform.io/providers/f5-sales-demo/xcsh/latest/docs/resources/forwarding_class	review	Awkward or boilerplate source prose	editorial candidate	Manages a Forwarding Class resource in F5 Distributed Cloud for forwarding class is created by users in system namespace. configuration.
documentation/resources/geo_location_set/index.md	https://f5-sales-demo.github.io/terraform-provider-xcsh/resources/geo_location_set/	https://registry.terraform.io/providers/f5-sales-demo/xcsh/latest/docs/resources/geo_location_set	none	No entry-page finding	accepted	Manages Geolocation Set in F5 Distributed Cloud.
documentation/resources/global_log_receiver/index.md	https://f5-sales-demo.github.io/terraform-provider-xcsh/resources/global_log_receiver/	https://registry.terraform.io/providers/f5-sales-demo/xcsh/latest/docs/resources/global_log_receiver	none	No entry-page finding	accepted	Manages new Global Log Receiver object in F5 Distributed Cloud.
documentation/resources/healthcheck/index.md	https://f5-sales-demo.github.io/terraform-provider-xcsh/resources/healthcheck/	https://registry.terraform.io/providers/f5-sales-demo/xcsh/latest/docs/resources/healthcheck	review	Awkward or boilerplate source prose	editorial candidate	Manages a Healthcheck resource in F5 Distributed Cloud for healthcheck object defines method to determine if the given endpoint is healthy. single healthcheck object can be referred to by one or many cluster objects. configuration.
documentation/resources/http_loadbalancer/index.md	https://f5-sales-demo.github.io/terraform-provider-xcsh/resources/http_loadbalancer/	https://registry.terraform.io/providers/f5-sales-demo/xcsh/latest/docs/resources/http_loadbalancer	medium	Article or acronym grammar	display override	Manages a HTTP Load Balancer resource in F5 Distributed Cloud for load balancing HTTP/HTTPS traffic with routing and security controls.
documentation/resources/ike1/index.md	https://f5-sales-demo.github.io/terraform-provider-xcsh/resources/ike1/	https://registry.terraform.io/providers/f5-sales-demo/xcsh/latest/docs/resources/ike1	review	Awkward or boilerplate source prose	display override	Manages a Ike1 resource in F5 Distributed Cloud for ike phase1 profile specification. configuration.
documentation/resources/ike2/index.md	https://f5-sales-demo.github.io/terraform-provider-xcsh/resources/ike2/	https://registry.terraform.io/providers/f5-sales-demo/xcsh/latest/docs/resources/ike2	review	Awkward or boilerplate source prose	display override	Manages a Ike2 resource in F5 Distributed Cloud for ike phase2 profile specification. configuration.
documentation/resources/ike_phase1_profile/index.md	https://f5-sales-demo.github.io/terraform-provider-xcsh/resources/ike_phase1_profile/	https://registry.terraform.io/providers/f5-sales-demo/xcsh/latest/docs/resources/ike_phase1_profile	medium	Article or acronym grammar	display override	Manages a IKE Phase1 Profile resource in F5 Distributed Cloud for ike phase1 profile specification. configuration.
documentation/resources/ike_phase2_profile/index.md	https://f5-sales-demo.github.io/terraform-provider-xcsh/resources/ike_phase2_profile/	https://registry.terraform.io/providers/f5-sales-demo/xcsh/latest/docs/resources/ike_phase2_profile	medium	Article or acronym grammar	display override	Manages a IKE Phase2 Profile resource in F5 Distributed Cloud for ike phase2 profile specification. configuration.
documentation/resources/ip_prefix_set/index.md	https://f5-sales-demo.github.io/terraform-provider-xcsh/resources/ip_prefix_set/	https://registry.terraform.io/providers/f5-sales-demo/xcsh/latest/docs/resources/ip_prefix_set	review	Awkward or boilerplate source prose	editorial candidate	Manages ip\_prefix\_set creates a new object in the storage backend for metadata.namespace in F5 Distributed Cloud.
documentation/resources/irule/index.md	https://f5-sales-demo.github.io/terraform-provider-xcsh/resources/irule/	https://registry.terraform.io/providers/f5-sales-demo/xcsh/latest/docs/resources/irule	none	No entry-page finding	accepted	Manages iRule in a given namespace. If one already exists it will give an error in F5 Distributed Cloud.
documentation/resources/k8s_cluster/index.md	https://f5-sales-demo.github.io/terraform-provider-xcsh/resources/k8s_cluster/	https://registry.terraform.io/providers/f5-sales-demo/xcsh/latest/docs/resources/k8s_cluster	review	Awkward or boilerplate source prose	editorial candidate	Manages k8s\_cluster will create the object in the storage backend for namespace metadata.namespace in F5 Distributed Cloud.
documentation/resources/k8s_cluster_role/index.md	https://f5-sales-demo.github.io/terraform-provider-xcsh/resources/k8s_cluster_role/	https://registry.terraform.io/providers/f5-sales-demo/xcsh/latest/docs/resources/k8s_cluster_role	review	Awkward or boilerplate source prose	editorial candidate	Manages k8s\_cluster\_role will create the object in the storage backend for namespace metadata.namespace in F5 Distributed Cloud.
documentation/resources/k8s_cluster_role_binding/index.md	https://f5-sales-demo.github.io/terraform-provider-xcsh/resources/k8s_cluster_role_binding/	https://registry.terraform.io/providers/f5-sales-demo/xcsh/latest/docs/resources/k8s_cluster_role_binding	review	Awkward or boilerplate source prose	editorial candidate	Manages k8s\_cluster\_role\_binding will create the object in the storage backend for namespace metadata.namespace in F5 Distributed Cloud.
documentation/resources/k8s_pod_security_admission/index.md	https://f5-sales-demo.github.io/terraform-provider-xcsh/resources/k8s_pod_security_admission/	https://registry.terraform.io/providers/f5-sales-demo/xcsh/latest/docs/resources/k8s_pod_security_admission	none	No entry-page finding	accepted	Manages k8s\_pod\_security\_admission will create the object in the storage backend in F5 Distributed Cloud.
documentation/resources/k8s_pod_security_policy/index.md	https://f5-sales-demo.github.io/terraform-provider-xcsh/resources/k8s_pod_security_policy/	https://registry.terraform.io/providers/f5-sales-demo/xcsh/latest/docs/resources/k8s_pod_security_policy	review	Awkward or boilerplate source prose	editorial candidate	Manages k8s\_pod\_security\_policy will create the object in the storage backend for namespace metadata.namespace in F5 Distributed Cloud.
documentation/resources/log_receiver/index.md	https://f5-sales-demo.github.io/terraform-provider-xcsh/resources/log_receiver/	https://registry.terraform.io/providers/f5-sales-demo/xcsh/latest/docs/resources/log_receiver	none	No entry-page finding	accepted	Manages new Log Receiver object in F5 Distributed Cloud.
documentation/resources/malicious_user_mitigation/index.md	https://f5-sales-demo.github.io/terraform-provider-xcsh/resources/malicious_user_mitigation/	https://registry.terraform.io/providers/f5-sales-demo/xcsh/latest/docs/resources/malicious_user_mitigation	review	Awkward or boilerplate source prose	editorial candidate	Manages malicious\_user\_mitigation creates a new object in the storage backend for metadata.namespace in F5 Distributed Cloud.
documentation/resources/mitigated_domain/index.md	https://f5-sales-demo.github.io/terraform-provider-xcsh/resources/mitigated_domain/	https://registry.terraform.io/providers/f5-sales-demo/xcsh/latest/docs/resources/mitigated_domain	none	No entry-page finding	accepted	Manages Mitigated Domain in F5 Distributed Cloud.
documentation/resources/namespace/index.md	https://f5-sales-demo.github.io/terraform-provider-xcsh/resources/namespace/	https://registry.terraform.io/providers/f5-sales-demo/xcsh/latest/docs/resources/namespace	none	No entry-page finding	accepted	Manages new namespace. Name of the object is name of the name space in F5 Distributed Cloud.
documentation/resources/nat_policy/index.md	https://f5-sales-demo.github.io/terraform-provider-xcsh/resources/nat_policy/	https://registry.terraform.io/providers/f5-sales-demo/xcsh/latest/docs/resources/nat_policy	review	Awkward or boilerplate source prose	editorial candidate	Manages a NAT Policy resource in F5 Distributed Cloud for nat policy create specification configures nat policy with multiple rules,. configuration.
documentation/resources/network_connector/index.md	https://f5-sales-demo.github.io/terraform-provider-xcsh/resources/network_connector/	https://registry.terraform.io/providers/f5-sales-demo/xcsh/latest/docs/resources/network_connector	review	Awkward or boilerplate source prose	editorial candidate	Manages a Network Connector resource in F5 Distributed Cloud for network connector is created by users in system namespace. configuration.
documentation/resources/network_firewall/index.md	https://f5-sales-demo.github.io/terraform-provider-xcsh/resources/network_firewall/	https://registry.terraform.io/providers/f5-sales-demo/xcsh/latest/docs/resources/network_firewall	review	Awkward or boilerplate source prose	editorial candidate	Manages a Network Firewall resource in F5 Distributed Cloud for network firewall is created by users in system namespace. configuration.
documentation/resources/network_interface/index.md	https://f5-sales-demo.github.io/terraform-provider-xcsh/resources/network_interface/	https://registry.terraform.io/providers/f5-sales-demo/xcsh/latest/docs/resources/network_interface	review	Awkward or boilerplate source prose	editorial candidate	Manages a Network Interface resource in F5 Distributed Cloud for network interface represents configuration of a network device. it is created by users in system namespace. configuration.
documentation/resources/network_policy/index.md	https://f5-sales-demo.github.io/terraform-provider-xcsh/resources/network_policy/	https://registry.terraform.io/providers/f5-sales-demo/xcsh/latest/docs/resources/network_policy	none	No entry-page finding	accepted	Manages new network policy with configured parameters in specified namespace in F5 Distributed Cloud.
documentation/resources/network_policy_rule/index.md	https://f5-sales-demo.github.io/terraform-provider-xcsh/resources/network_policy_rule/	https://registry.terraform.io/providers/f5-sales-demo/xcsh/latest/docs/resources/network_policy_rule	none	No entry-page finding	accepted	Manages network policy rule with configured parameters in specified namespace in F5 Distributed Cloud.
documentation/resources/network_policy_view/index.md	https://f5-sales-demo.github.io/terraform-provider-xcsh/resources/network_policy_view/	https://registry.terraform.io/providers/f5-sales-demo/xcsh/latest/docs/resources/network_policy_view	review	Awkward or boilerplate source prose	editorial candidate	Manages a Network Policy View resource in F5 Distributed Cloud for network policy view specification. configuration.
documentation/resources/nfv_service/index.md	https://f5-sales-demo.github.io/terraform-provider-xcsh/resources/nfv_service/	https://registry.terraform.io/providers/f5-sales-demo/xcsh/latest/docs/resources/nfv_service	none	No entry-page finding	accepted	Manages new NFV service with configured parameters in F5 Distributed Cloud.
documentation/resources/nginx_service_discovery/index.md	https://f5-sales-demo.github.io/terraform-provider-xcsh/resources/nginx_service_discovery/	https://registry.terraform.io/providers/f5-sales-demo/xcsh/latest/docs/resources/nginx_service_discovery	review	Awkward or boilerplate source prose	editorial candidate	Manages a Nginx Service Discovery resource in F5 Distributed Cloud for api to create nginx service discovery object for a site or virtual site in system namespace. configuration.
documentation/resources/origin_pool/index.md	https://f5-sales-demo.github.io/terraform-provider-xcsh/resources/origin_pool/	https://registry.terraform.io/providers/f5-sales-demo/xcsh/latest/docs/resources/origin_pool	medium	Article or acronym grammar	display override	Manages a Origin Pool resource in F5 Distributed Cloud for defining backend server pools for load balancer targets.
documentation/resources/policer/index.md	https://f5-sales-demo.github.io/terraform-provider-xcsh/resources/policer/	https://registry.terraform.io/providers/f5-sales-demo/xcsh/latest/docs/resources/policer	none	No entry-page finding	accepted	Manages new policer with traffic rate limits in F5 Distributed Cloud.
documentation/resources/policy_based_routing/index.md	https://f5-sales-demo.github.io/terraform-provider-xcsh/resources/policy_based_routing/	https://registry.terraform.io/providers/f5-sales-demo/xcsh/latest/docs/resources/policy_based_routing	review	Awkward or boilerplate source prose	editorial candidate	Manages a Policy Based Routing resource in F5 Distributed Cloud for network policy based routing create specification. configuration.
documentation/resources/protected_application/index.md	https://f5-sales-demo.github.io/terraform-provider-xcsh/resources/protected_application/	https://registry.terraform.io/providers/f5-sales-demo/xcsh/latest/docs/resources/protected_application	none	No entry-page finding	accepted	Manages applications protected by Bot Defense in F5 Distributed Cloud.
documentation/resources/protected_domain/index.md	https://f5-sales-demo.github.io/terraform-provider-xcsh/resources/protected_domain/	https://registry.terraform.io/providers/f5-sales-demo/xcsh/latest/docs/resources/protected_domain	none	No entry-page finding	accepted	Manages Domain to protect in F5 Distributed Cloud.
documentation/resources/protocol_inspection/index.md	https://f5-sales-demo.github.io/terraform-provider-xcsh/resources/protocol_inspection/	https://registry.terraform.io/providers/f5-sales-demo/xcsh/latest/docs/resources/protocol_inspection	none	No entry-page finding	accepted	Manages Protocol Inspection Specification in a given namespace. If one already exists it will give an error in F5 Distributed Cloud.
documentation/resources/protocol_policer/index.md	https://f5-sales-demo.github.io/terraform-provider-xcsh/resources/protocol_policer/	https://registry.terraform.io/providers/f5-sales-demo/xcsh/latest/docs/resources/protocol_policer	none	No entry-page finding	accepted	Manages protocol\_policer object, protocol\_policer object contains list of L4 protocol match condition and corresponding traffic rate limits in F5 Distributed Cloud.
documentation/resources/proxy/index.md	https://f5-sales-demo.github.io/terraform-provider-xcsh/resources/proxy/	https://registry.terraform.io/providers/f5-sales-demo/xcsh/latest/docs/resources/proxy	review	Awkward or boilerplate source prose	editorial candidate	Manages a Proxy resource in F5 Distributed Cloud for tcp loadbalancer create specification. configuration.
documentation/resources/public_ip_binding/index.md	https://f5-sales-demo.github.io/terraform-provider-xcsh/resources/public_ip_binding/	https://registry.terraform.io/providers/f5-sales-demo/xcsh/latest/docs/resources/public_ip_binding	none	No entry-page finding	accepted	Manage the regional virtual-site binding of an already allocated public IP. Creation adopts only the binding; deletion restores its captured original binding. This resource never allocates, deallocates or deletes the public IP.
documentation/resources/rate_limiter/index.md	https://f5-sales-demo.github.io/terraform-provider-xcsh/resources/rate_limiter/	https://registry.terraform.io/providers/f5-sales-demo/xcsh/latest/docs/resources/rate_limiter	review	Awkward or boilerplate source prose	editorial candidate	Manages rate\_limiter creates a new object in the storage backend for metadata.namespace in F5 Distributed Cloud.
documentation/resources/rate_limiter_policy/index.md	https://f5-sales-demo.github.io/terraform-provider-xcsh/resources/rate_limiter_policy/	https://registry.terraform.io/providers/f5-sales-demo/xcsh/latest/docs/resources/rate_limiter_policy	review	Awkward or boilerplate source prose	editorial candidate	Manages a Rate Limiter Policy resource in F5 Distributed Cloud for rate limiter policy create specification. configuration.
documentation/resources/registration/index.md	https://f5-sales-demo.github.io/terraform-provider-xcsh/resources/registration/	https://registry.terraform.io/providers/f5-sales-demo/xcsh/latest/docs/resources/registration	review	Awkward or boilerplate source prose	editorial candidate	Manages a Registration resource in F5 Distributed Cloud for vpm creates registration using this message, never used by users. configuration.
documentation/resources/registration_approval/index.md	https://f5-sales-demo.github.io/terraform-provider-xcsh/resources/registration_approval/	https://registry.terraform.io/providers/f5-sales-demo/xcsh/latest/docs/resources/registration_approval	review	Awkward or boilerplate source prose	editorial candidate	Manages a Registration Approval resource in F5 Distributed Cloud for request for admission approval. configuration.
documentation/resources/route/index.md	https://f5-sales-demo.github.io/terraform-provider-xcsh/resources/route/	https://registry.terraform.io/providers/f5-sales-demo/xcsh/latest/docs/resources/route	none	No entry-page finding	accepted	Manages route object in a given namespace. Route object is list of route rules. Each rule has match condition to match incoming requests and actions to take on matching requests in F5 Distributed Cloud.
documentation/resources/secret_management_access/index.md	https://f5-sales-demo.github.io/terraform-provider-xcsh/resources/secret_management_access/	https://registry.terraform.io/providers/f5-sales-demo/xcsh/latest/docs/resources/secret_management_access	review	Awkward or boilerplate source prose	editorial candidate	Manages secret\_management\_access creates a new object in storage backend for metadata.namespace in F5 Distributed Cloud.
documentation/resources/securemesh_site_v2/index.md	https://f5-sales-demo.github.io/terraform-provider-xcsh/resources/securemesh_site_v2/	https://registry.terraform.io/providers/f5-sales-demo/xcsh/latest/docs/resources/securemesh_site_v2	none	No entry-page finding	accepted	Manages a Securemesh Site V2 resource in F5 Distributed Cloud for deploying secure mesh edge sites with security and networking controls.
documentation/resources/segment/index.md	https://f5-sales-demo.github.io/terraform-provider-xcsh/resources/segment/	https://registry.terraform.io/providers/f5-sales-demo/xcsh/latest/docs/resources/segment	review	Awkward or boilerplate source prose	editorial candidate	Manages a Segment resource in F5 Distributed Cloud for segment. configuration.
documentation/resources/sensitive_data_policy/index.md	https://f5-sales-demo.github.io/terraform-provider-xcsh/resources/sensitive_data_policy/	https://registry.terraform.io/providers/f5-sales-demo/xcsh/latest/docs/resources/sensitive_data_policy	review	Awkward or boilerplate source prose	editorial candidate	Manages sensitive\_data\_policy creates a new object in the storage backend for metadata.namespace in F5 Distributed Cloud.
documentation/resources/service_policy/index.md	https://f5-sales-demo.github.io/terraform-provider-xcsh/resources/service_policy/	https://registry.terraform.io/providers/f5-sales-demo/xcsh/latest/docs/resources/service_policy	review	Awkward or boilerplate source prose	editorial candidate	Manages service\_policy creates a new object in the storage backend for metadata.namespace in F5 Distributed Cloud.
documentation/resources/service_policy_rule/index.md	https://f5-sales-demo.github.io/terraform-provider-xcsh/resources/service_policy_rule/	https://registry.terraform.io/providers/f5-sales-demo/xcsh/latest/docs/resources/service_policy_rule	review	Awkward or boilerplate source prose	editorial candidate	Manages service\_policy\_rule creates a new object in the storage backend for metadata.namespace in F5 Distributed Cloud.
documentation/resources/site_mesh_group/index.md	https://f5-sales-demo.github.io/terraform-provider-xcsh/resources/site_mesh_group/	https://registry.terraform.io/providers/f5-sales-demo/xcsh/latest/docs/resources/site_mesh_group	none	No entry-page finding	accepted	Manages Site Mesh Group in system namespace of user in F5 Distributed Cloud.
documentation/resources/smsv2_kvm_runtime_interface/index.md	https://f5-sales-demo.github.io/terraform-provider-xcsh/resources/smsv2_kvm_runtime_interface/	https://registry.terraform.io/providers/f5-sales-demo/xcsh/latest/docs/resources/smsv2_kvm_runtime_interface	none	No entry-page finding	accepted	Adopts one existing XC-owned KVM Secure Mesh Site v2 SLI child and manages only its DHCP/static IPv4 mode. It never creates or deletes the runtime child.
documentation/resources/srv6_network_slice/index.md	https://f5-sales-demo.github.io/terraform-provider-xcsh/resources/srv6_network_slice/	https://registry.terraform.io/providers/f5-sales-demo/xcsh/latest/docs/resources/srv6_network_slice	review	Awkward or boilerplate source prose	editorial candidate	Manages srv6\_network\_slice creates a new object in the storage backend for metadata.namespace in F5 Distributed Cloud.
documentation/resources/subnet/index.md	https://f5-sales-demo.github.io/terraform-provider-xcsh/resources/subnet/	https://registry.terraform.io/providers/f5-sales-demo/xcsh/latest/docs/resources/subnet	review	Awkward or boilerplate source prose	editorial candidate	Manages a Subnet resource in F5 Distributed Cloud for subnet object contains configuration for an interface of a vm/pod. it is created in user or shared namespace. configuration.
documentation/resources/tcp_loadbalancer/index.md	https://f5-sales-demo.github.io/terraform-provider-xcsh/resources/tcp_loadbalancer/	https://registry.terraform.io/providers/f5-sales-demo/xcsh/latest/docs/resources/tcp_loadbalancer	none	No entry-page finding	accepted	Manages a TCP Load Balancer resource in F5 Distributed Cloud for load balancing TCP traffic across origin pools.
documentation/resources/tenant_configuration/index.md	https://f5-sales-demo.github.io/terraform-provider-xcsh/resources/tenant_configuration/	https://registry.terraform.io/providers/f5-sales-demo/xcsh/latest/docs/resources/tenant_configuration	review	Awkward or boilerplate source prose	editorial candidate	Manages a Tenant Configuration resource in F5 Distributed Cloud for tenant configuration specification. configuration.
documentation/resources/token/index.md	https://f5-sales-demo.github.io/terraform-provider-xcsh/resources/token/	https://registry.terraform.io/providers/f5-sales-demo/xcsh/latest/docs/resources/token	none	No entry-page finding	accepted	Manages new token. Token object is used to manage site admission. User must generate token before provisioning and pass this token to site during it's registration in F5 Distributed Cloud.
documentation/resources/trusted_ca_list/index.md	https://f5-sales-demo.github.io/terraform-provider-xcsh/resources/trusted_ca_list/	https://registry.terraform.io/providers/f5-sales-demo/xcsh/latest/docs/resources/trusted_ca_list	none	No entry-page finding	accepted	Manages a Trusted CA List resource in F5 Distributed Cloud for trusted certificate authority list management.
documentation/resources/tunnel/index.md	https://f5-sales-demo.github.io/terraform-provider-xcsh/resources/tunnel/	https://registry.terraform.io/providers/f5-sales-demo/xcsh/latest/docs/resources/tunnel	none	No entry-page finding	accepted	Manages tunnel in a given namespace. If one already exist it will give a error in F5 Distributed Cloud.
documentation/resources/udp_loadbalancer/index.md	https://f5-sales-demo.github.io/terraform-provider-xcsh/resources/udp_loadbalancer/	https://registry.terraform.io/providers/f5-sales-demo/xcsh/latest/docs/resources/udp_loadbalancer	none	No entry-page finding	accepted	Manages a UDP Load Balancer resource in F5 Distributed Cloud for load balancing UDP traffic across origin pools.
documentation/resources/usb_policy/index.md	https://f5-sales-demo.github.io/terraform-provider-xcsh/resources/usb_policy/	https://registry.terraform.io/providers/f5-sales-demo/xcsh/latest/docs/resources/usb_policy	none	No entry-page finding	accepted	Manages new USB policy object in F5 Distributed Cloud.
documentation/resources/user_identification/index.md	https://f5-sales-demo.github.io/terraform-provider-xcsh/resources/user_identification/	https://registry.terraform.io/providers/f5-sales-demo/xcsh/latest/docs/resources/user_identification	review	Awkward or boilerplate source prose	editorial candidate	Manages user\_identification creates a new object in the storage backend for metadata.namespace in F5 Distributed Cloud.
documentation/resources/virtual_host/index.md	https://f5-sales-demo.github.io/terraform-provider-xcsh/resources/virtual_host/	https://registry.terraform.io/providers/f5-sales-demo/xcsh/latest/docs/resources/virtual_host	none	No entry-page finding	accepted	Manages virtual host in a given namespace in F5 Distributed Cloud.
documentation/resources/virtual_k8s/index.md	https://f5-sales-demo.github.io/terraform-provider-xcsh/resources/virtual_k8s/	https://registry.terraform.io/providers/f5-sales-demo/xcsh/latest/docs/resources/virtual_k8s	review	Awkward or boilerplate source prose	editorial candidate	Manages virtual\_k8s will create the object in the storage backend for namespace metadata.namespace in F5 Distributed Cloud.
documentation/resources/virtual_network/index.md	https://f5-sales-demo.github.io/terraform-provider-xcsh/resources/virtual_network/	https://registry.terraform.io/providers/f5-sales-demo/xcsh/latest/docs/resources/virtual_network	none	No entry-page finding	accepted	Manages virtual network in given namespace in F5 Distributed Cloud.
documentation/resources/virtual_site/index.md	https://f5-sales-demo.github.io/terraform-provider-xcsh/resources/virtual_site/	https://registry.terraform.io/providers/f5-sales-demo/xcsh/latest/docs/resources/virtual_site	none	No entry-page finding	accepted	Manages virtual site object in given namespace in F5 Distributed Cloud.
documentation/resources/waf_exclusion_policy/index.md	https://f5-sales-demo.github.io/terraform-provider-xcsh/resources/waf_exclusion_policy/	https://registry.terraform.io/providers/f5-sales-demo/xcsh/latest/docs/resources/waf_exclusion_policy	none	No entry-page finding	accepted	Manages WAF exclusion policy in F5 Distributed Cloud.
documentation/resources/workload/index.md	https://f5-sales-demo.github.io/terraform-provider-xcsh/resources/workload/	https://registry.terraform.io/providers/f5-sales-demo/xcsh/latest/docs/resources/workload	review	Awkward or boilerplate source prose	editorial candidate	Manages a Workload resource in F5 Distributed Cloud for workload. configuration.
documentation/resources/workload_flavor/index.md	https://f5-sales-demo.github.io/terraform-provider-xcsh/resources/workload_flavor/	https://registry.terraform.io/providers/f5-sales-demo/xcsh/latest/docs/resources/workload_flavor	none	No entry-page finding	accepted	Manages workload\_flavor in F5 Distributed Cloud.
